card_id,rank_corpus,verbo,verbo_base,tiempo_id,tiempo,regularidad_tarjeta,terminacion,pronominal,patrones,aplicable,yo,tu,el_ella_usted,nosotros,ellos_ellas_ustedes,nota
ser__presente_indicativo,1,ser,ser,presente_indicativo,Presente,irregular,er,no,altamente_irregular,sí,soy,eres,es,somos,son,
ser__preterito,1,ser,ser,preterito,Pretérito,irregular,er,no,altamente_irregular,sí,fui,fuiste,fue,fuimos,fueron,
ser__imperfecto,1,ser,ser,imperfecto,Imperfecto,irregular,er,no,altamente_irregular,sí,era,eras,era,éramos,eran,
ser__futuro,1,ser,ser,futuro,Futuro,regular,er,no,altamente_irregular,sí,seré,serás,será,seremos,serán,
ser__condicional,1,ser,ser,condicional,Condicional,regular,er,no,altamente_irregular,sí,sería,serías,sería,seríamos,serían,
ser__presente_subjuntivo,1,ser,ser,presente_subjuntivo,Presente de subjuntivo,irregular,er,no,altamente_irregular,sí,sea,seas,sea,seamos,sean,
ser__imperfecto_subjuntivo,1,ser,ser,imperfecto_subjuntivo,Imperfecto de subjuntivo,irregular,er,no,altamente_irregular,sí,fuera,fueras,fuera,fuéramos,fueran,
ser__imperativo_afirmativo,1,ser,ser,imperativo_afirmativo,Imperativo afirmativo,irregular,er,no,altamente_irregular,sí,,sé,sea,seamos,sean,
ser__imperativo_negativo,1,ser,ser,imperativo_negativo,Imperativo negativo,irregular,er,no,altamente_irregular,sí,,no seas,no sea,no seamos,no sean,
decir__presente_indicativo,2,decir,decir,presente_indicativo,Presente,irregular,ir,no,e→i;yo-go;pretérito_fuerte;futuro_irregular;imperativo_tú_irregular,sí,digo,dices,dice,decimos,dicen,
decir__preterito,2,decir,decir,preterito,Pretérito,irregular,ir,no,e→i;yo-go;pretérito_fuerte;futuro_irregular;imperativo_tú_irregular,sí,dije,dijiste,dijo,dijimos,dijeron,
decir__imperfecto,2,decir,decir,imperfecto,Imperfecto,regular,ir,no,e→i;yo-go;pretérito_fuerte;futuro_irregular;imperativo_tú_irregular,sí,decía,decías,decía,decíamos,decían,
decir__futuro,2,decir,decir,futuro,Futuro,irregular,ir,no,e→i;yo-go;pretérito_fuerte;futuro_irregular;imperativo_tú_irregular,sí,diré,dirás,dirá,diremos,dirán,
decir__condicional,2,decir,decir,condicional,Condicional,irregular,ir,no,e→i;yo-go;pretérito_fuerte;futuro_irregular;imperativo_tú_irregular,sí,diría,dirías,diría,diríamos,dirían,
decir__presente_subjuntivo,2,decir,decir,presente_subjuntivo,Presente de subjuntivo,irregular,ir,no,e→i;yo-go;pretérito_fuerte;futuro_irregular;imperativo_tú_irregular,sí,diga,digas,diga,digamos,digan,
decir__imperfecto_subjuntivo,2,decir,decir,imperfecto_subjuntivo,Imperfecto de subjuntivo,irregular,ir,no,e→i;yo-go;pretérito_fuerte;futuro_irregular;imperativo_tú_irregular,sí,dijera,dijeras,dijera,dijéramos,dijeran,
decir__imperativo_afirmativo,2,decir,decir,imperativo_afirmativo,Imperativo afirmativo,irregular,ir,no,e→i;yo-go;pretérito_fuerte;futuro_irregular;imperativo_tú_irregular,sí,,di,diga,digamos,digan,
decir__imperativo_negativo,2,decir,decir,imperativo_negativo,Imperativo negativo,irregular,ir,no,e→i;yo-go;pretérito_fuerte;futuro_irregular;imperativo_tú_irregular,sí,,no digas,no diga,no digamos,no digan,
estar__presente_indicativo,3,estar,estar,presente_indicativo,Presente,irregular,ar,no,yo_irregular;pretérito_fuerte,sí,estoy,estás,está,estamos,están,
estar__preterito,3,estar,estar,preterito,Pretérito,irregular,ar,no,yo_irregular;pretérito_fuerte,sí,estuve,estuviste,estuvo,estuvimos,estuvieron,
estar__imperfecto,3,estar,estar,imperfecto,Imperfecto,regular,ar,no,yo_irregular;pretérito_fuerte,sí,estaba,estabas,estaba,estábamos,estaban,
estar__futuro,3,estar,estar,futuro,Futuro,regular,ar,no,yo_irregular;pretérito_fuerte,sí,estaré,estarás,estará,estaremos,estarán,
estar__condicional,3,estar,estar,condicional,Condicional,regular,ar,no,yo_irregular;pretérito_fuerte,sí,estaría,estarías,estaría,estaríamos,estarían,
estar__presente_subjuntivo,3,estar,estar,presente_subjuntivo,Presente de subjuntivo,irregular,ar,no,yo_irregular;pretérito_fuerte,sí,esté,estés,esté,estemos,estén,
estar__imperfecto_subjuntivo,3,estar,estar,imperfecto_subjuntivo,Imperfecto de subjuntivo,irregular,ar,no,yo_irregular;pretérito_fuerte,sí,estuviera,estuvieras,estuviera,estuviéramos,estuvieran,
estar__imperativo_afirmativo,3,estar,estar,imperativo_afirmativo,Imperativo afirmativo,irregular,ar,no,yo_irregular;pretérito_fuerte,sí,,está,esté,estemos,estén,
estar__imperativo_negativo,3,estar,estar,imperativo_negativo,Imperativo negativo,irregular,ar,no,yo_irregular;pretérito_fuerte,sí,,no estés,no esté,no estemos,no estén,
ir__presente_indicativo,4,ir,ir,presente_indicativo,Presente,irregular,ir,no,altamente_irregular;imperativo_tú_irregular,sí,voy,vas,va,vamos,van,
ir__preterito,4,ir,ir,preterito,Pretérito,irregular,ir,no,altamente_irregular;imperativo_tú_irregular,sí,fui,fuiste,fue,fuimos,fueron,
ir__imperfecto,4,ir,ir,imperfecto,Imperfecto,irregular,ir,no,altamente_irregular;imperativo_tú_irregular,sí,iba,ibas,iba,íbamos,iban,
ir__futuro,4,ir,ir,futuro,Futuro,regular,ir,no,altamente_irregular;imperativo_tú_irregular,sí,iré,irás,irá,iremos,irán,
ir__condicional,4,ir,ir,condicional,Condicional,regular,ir,no,altamente_irregular;imperativo_tú_irregular,sí,iría,irías,iría,iríamos,irían,
ir__presente_subjuntivo,4,ir,ir,presente_subjuntivo,Presente de subjuntivo,irregular,ir,no,altamente_irregular;imperativo_tú_irregular,sí,vaya,vayas,vaya,vayamos,vayan,
ir__imperfecto_subjuntivo,4,ir,ir,imperfecto_subjuntivo,Imperfecto de subjuntivo,irregular,ir,no,altamente_irregular;imperativo_tú_irregular,sí,fuera,fueras,fuera,fuéramos,fueran,
ir__imperativo_afirmativo,4,ir,ir,imperativo_afirmativo,Imperativo afirmativo,irregular,ir,no,altamente_irregular;imperativo_tú_irregular,sí,,ve,vaya,vayamos,vayan,
ir__imperativo_negativo,4,ir,ir,imperativo_negativo,Imperativo negativo,irregular,ir,no,altamente_irregular;imperativo_tú_irregular,sí,,no vayas,no vaya,no vayamos,no vayan,
tener__presente_indicativo,5,tener,tener,presente_indicativo,Presente,irregular,er,no,e→ie;yo-go;pretérito_fuerte;futuro_irregular;imperativo_tú_irregular,sí,tengo,tienes,tiene,tenemos,tienen,
tener__preterito,5,tener,tener,preterito,Pretérito,irregular,er,no,e→ie;yo-go;pretérito_fuerte;futuro_irregular;imperativo_tú_irregular,sí,tuve,tuviste,tuvo,tuvimos,tuvieron,
tener__imperfecto,5,tener,tener,imperfecto,Imperfecto,regular,er,no,e→ie;yo-go;pretérito_fuerte;futuro_irregular;imperativo_tú_irregular,sí,tenía,tenías,tenía,teníamos,tenían,
tener__futuro,5,tener,tener,futuro,Futuro,irregular,er,no,e→ie;yo-go;pretérito_fuerte;futuro_irregular;imperativo_tú_irregular,sí,tendré,tendrás,tendrá,tendremos,tendrán,
tener__condicional,5,tener,tener,condicional,Condicional,irregular,er,no,e→ie;yo-go;pretérito_fuerte;futuro_irregular;imperativo_tú_irregular,sí,tendría,tendrías,tendría,tendríamos,tendrían,
tener__presente_subjuntivo,5,tener,tener,presente_subjuntivo,Presente de subjuntivo,irregular,er,no,e→ie;yo-go;pretérito_fuerte;futuro_irregular;imperativo_tú_irregular,sí,tenga,tengas,tenga,tengamos,tengan,
tener__imperfecto_subjuntivo,5,tener,tener,imperfecto_subjuntivo,Imperfecto de subjuntivo,irregular,er,no,e→ie;yo-go;pretérito_fuerte;futuro_irregular;imperativo_tú_irregular,sí,tuviera,tuvieras,tuviera,tuviéramos,tuvieran,
tener__imperativo_afirmativo,5,tener,tener,imperativo_afirmativo,Imperativo afirmativo,irregular,er,no,e→ie;yo-go;pretérito_fuerte;futuro_irregular;imperativo_tú_irregular,sí,,ten,tenga,tengamos,tengan,
tener__imperativo_negativo,5,tener,tener,imperativo_negativo,Imperativo negativo,irregular,er,no,e→ie;yo-go;pretérito_fuerte;futuro_irregular;imperativo_tú_irregular,sí,,no tengas,no tenga,no tengamos,no tengan,
haber__presente_indicativo,6,haber,haber,presente_indicativo,Presente,irregular,er,no,altamente_irregular;futuro_irregular,sí,he,has,ha,hemos,han,
haber__preterito,6,haber,haber,preterito,Pretérito,irregular,er,no,altamente_irregular;futuro_irregular,sí,hube,hubiste,hubo,hubimos,hubieron,
haber__imperfecto,6,haber,haber,imperfecto,Imperfecto,regular,er,no,altamente_irregular;futuro_irregular,sí,había,habías,había,habíamos,habían,
haber__futuro,6,haber,haber,futuro,Futuro,irregular,er,no,altamente_irregular;futuro_irregular,sí,habré,habrás,habrá,habremos,habrán,
haber__condicional,6,haber,haber,condicional,Condicional,irregular,er,no,altamente_irregular;futuro_irregular,sí,habría,habrías,habría,habríamos,habrían,
haber__presente_subjuntivo,6,haber,haber,presente_subjuntivo,Presente de subjuntivo,irregular,er,no,altamente_irregular;futuro_irregular,sí,haya,hayas,haya,hayamos,hayan,
haber__imperfecto_subjuntivo,6,haber,haber,imperfecto_subjuntivo,Imperfecto de subjuntivo,irregular,er,no,altamente_irregular;futuro_irregular,sí,hubiera,hubieras,hubiera,hubiéramos,hubieran,
haber__imperativo_afirmativo,6,haber,haber,imperativo_afirmativo,Imperativo afirmativo,irregular,er,no,altamente_irregular;futuro_irregular,no,,,,,,Imperative use is rare/marginal; included only to test non-applicable-card handling.
haber__imperativo_negativo,6,haber,haber,imperativo_negativo,Imperativo negativo,irregular,er,no,altamente_irregular;futuro_irregular,no,,,,,,Imperative use is rare/marginal; included only to test non-applicable-card handling.
ver__presente_indicativo,7,ver,ver,presente_indicativo,Presente,irregular,er,no,yo_irregular;pretérito_irregular;imperfecto_irregular,sí,veo,ves,ve,vemos,ven,
ver__preterito,7,ver,ver,preterito,Pretérito,irregular,er,no,yo_irregular;pretérito_irregular;imperfecto_irregular,sí,vi,viste,vio,vimos,vieron,
ver__imperfecto,7,ver,ver,imperfecto,Imperfecto,irregular,er,no,yo_irregular;pretérito_irregular;imperfecto_irregular,sí,veía,veías,veía,veíamos,veían,
ver__futuro,7,ver,ver,futuro,Futuro,regular,er,no,yo_irregular;pretérito_irregular;imperfecto_irregular,sí,veré,verás,verá,veremos,verán,
ver__condicional,7,ver,ver,condicional,Condicional,regular,er,no,yo_irregular;pretérito_irregular;imperfecto_irregular,sí,vería,verías,vería,veríamos,verían,
ver__presente_subjuntivo,7,ver,ver,presente_subjuntivo,Presente de subjuntivo,irregular,er,no,yo_irregular;pretérito_irregular;imperfecto_irregular,sí,vea,veas,vea,veamos,vean,
ver__imperfecto_subjuntivo,7,ver,ver,imperfecto_subjuntivo,Imperfecto de subjuntivo,irregular,er,no,yo_irregular;pretérito_irregular;imperfecto_irregular,sí,viera,vieras,viera,viéramos,vieran,
ver__imperativo_afirmativo,7,ver,ver,imperativo_afirmativo,Imperativo afirmativo,irregular,er,no,yo_irregular;pretérito_irregular;imperfecto_irregular,sí,,ve,vea,veamos,vean,
ver__imperativo_negativo,7,ver,ver,imperativo_negativo,Imperativo negativo,irregular,er,no,yo_irregular;pretérito_irregular;imperfecto_irregular,sí,,no veas,no vea,no veamos,no vean,
saber__presente_indicativo,8,saber,saber,presente_indicativo,Presente,irregular,er,no,yo_irregular;pretérito_fuerte;futuro_irregular,sí,sé,sabes,sabe,sabemos,saben,
saber__preterito,8,saber,saber,preterito,Pretérito,irregular,er,no,yo_irregular;pretérito_fuerte;futuro_irregular,sí,supe,supiste,supo,supimos,supieron,
saber__imperfecto,8,saber,saber,imperfecto,Imperfecto,regular,er,no,yo_irregular;pretérito_fuerte;futuro_irregular,sí,sabía,sabías,sabía,sabíamos,sabían,
saber__futuro,8,saber,saber,futuro,Futuro,irregular,er,no,yo_irregular;pretérito_fuerte;futuro_irregular,sí,sabré,sabrás,sabrá,sabremos,sabrán,
saber__condicional,8,saber,saber,condicional,Condicional,irregular,er,no,yo_irregular;pretérito_fuerte;futuro_irregular,sí,sabría,sabrías,sabría,sabríamos,sabrían,
saber__presente_subjuntivo,8,saber,saber,presente_subjuntivo,Presente de subjuntivo,irregular,er,no,yo_irregular;pretérito_fuerte;futuro_irregular,sí,sepa,sepas,sepa,sepamos,sepan,
saber__imperfecto_subjuntivo,8,saber,saber,imperfecto_subjuntivo,Imperfecto de subjuntivo,irregular,er,no,yo_irregular;pretérito_fuerte;futuro_irregular,sí,supiera,supieras,supiera,supiéramos,supieran,
saber__imperativo_afirmativo,8,saber,saber,imperativo_afirmativo,Imperativo afirmativo,irregular,er,no,yo_irregular;pretérito_fuerte;futuro_irregular,sí,,sabe,sepa,sepamos,sepan,
saber__imperativo_negativo,8,saber,saber,imperativo_negativo,Imperativo negativo,irregular,er,no,yo_irregular;pretérito_fuerte;futuro_irregular,sí,,no sepas,no sepa,no sepamos,no sepan,
hacer__presente_indicativo,9,hacer,hacer,presente_indicativo,Presente,irregular,er,no,yo-go;pretérito_fuerte;futuro_irregular;imperativo_tú_irregular,sí,hago,haces,hace,hacemos,hacen,
hacer__preterito,9,hacer,hacer,preterito,Pretérito,irregular,er,no,yo-go;pretérito_fuerte;futuro_irregular;imperativo_tú_irregular,sí,hice,hiciste,hizo,hicimos,hicieron,
hacer__imperfecto,9,hacer,hacer,imperfecto,Imperfecto,regular,er,no,yo-go;pretérito_fuerte;futuro_irregular;imperativo_tú_irregular,sí,hacía,hacías,hacía,hacíamos,hacían,
hacer__futuro,9,hacer,hacer,futuro,Futuro,irregular,er,no,yo-go;pretérito_fuerte;futuro_irregular;imperativo_tú_irregular,sí,haré,harás,hará,haremos,harán,
hacer__condicional,9,hacer,hacer,condicional,Condicional,irregular,er,no,yo-go;pretérito_fuerte;futuro_irregular;imperativo_tú_irregular,sí,haría,harías,haría,haríamos,harían,
hacer__presente_subjuntivo,9,hacer,hacer,presente_subjuntivo,Presente de subjuntivo,irregular,er,no,yo-go;pretérito_fuerte;futuro_irregular;imperativo_tú_irregular,sí,haga,hagas,haga,hagamos,hagan,
hacer__imperfecto_subjuntivo,9,hacer,hacer,imperfecto_subjuntivo,Imperfecto de subjuntivo,irregular,er,no,yo-go;pretérito_fuerte;futuro_irregular;imperativo_tú_irregular,sí,hiciera,hicieras,hiciera,hiciéramos,hicieran,
hacer__imperativo_afirmativo,9,hacer,hacer,imperativo_afirmativo,Imperativo afirmativo,irregular,er,no,yo-go;pretérito_fuerte;futuro_irregular;imperativo_tú_irregular,sí,,haz,haga,hagamos,hagan,
hacer__imperativo_negativo,9,hacer,hacer,imperativo_negativo,Imperativo negativo,irregular,er,no,yo-go;pretérito_fuerte;futuro_irregular;imperativo_tú_irregular,sí,,no hagas,no haga,no hagamos,no hagan,
querer__presente_indicativo,10,querer,querer,presente_indicativo,Presente,irregular,er,no,e→ie;pretérito_fuerte;futuro_irregular,sí,quiero,quieres,quiere,queremos,quieren,
querer__preterito,10,querer,querer,preterito,Pretérito,irregular,er,no,e→ie;pretérito_fuerte;futuro_irregular,sí,quise,quisiste,quiso,quisimos,quisieron,
querer__imperfecto,10,querer,querer,imperfecto,Imperfecto,regular,er,no,e→ie;pretérito_fuerte;futuro_irregular,sí,quería,querías,quería,queríamos,querían,
querer__futuro,10,querer,querer,futuro,Futuro,irregular,er,no,e→ie;pretérito_fuerte;futuro_irregular,sí,querré,querrás,querrá,querremos,querrán,
querer__condicional,10,querer,querer,condicional,Condicional,irregular,er,no,e→ie;pretérito_fuerte;futuro_irregular,sí,querría,querrías,querría,querríamos,querrían,
querer__presente_subjuntivo,10,querer,querer,presente_subjuntivo,Presente de subjuntivo,irregular,er,no,e→ie;pretérito_fuerte;futuro_irregular,sí,quiera,quieras,quiera,queramos,quieran,
querer__imperfecto_subjuntivo,10,querer,querer,imperfecto_subjuntivo,Imperfecto de subjuntivo,irregular,er,no,e→ie;pretérito_fuerte;futuro_irregular,sí,quisiera,quisieras,quisiera,quisiéramos,quisieran,
querer__imperativo_afirmativo,10,querer,querer,imperativo_afirmativo,Imperativo afirmativo,irregular,er,no,e→ie;pretérito_fuerte;futuro_irregular,sí,,quiere,quiera,queramos,quieran,
querer__imperativo_negativo,10,querer,querer,imperativo_negativo,Imperativo negativo,irregular,er,no,e→ie;pretérito_fuerte;futuro_irregular,sí,,no quieras,no quiera,no queramos,no quieran,
dar__presente_indicativo,11,dar,dar,presente_indicativo,Presente,irregular,ar,no,yo_irregular;pretérito_irregular,sí,doy,das,da,damos,dan,
dar__preterito,11,dar,dar,preterito,Pretérito,irregular,ar,no,yo_irregular;pretérito_irregular,sí,di,diste,dio,dimos,dieron,
dar__imperfecto,11,dar,dar,imperfecto,Imperfecto,regular,ar,no,yo_irregular;pretérito_irregular,sí,daba,dabas,daba,dábamos,daban,
dar__futuro,11,dar,dar,futuro,Futuro,regular,ar,no,yo_irregular;pretérito_irregular,sí,daré,darás,dará,daremos,darán,
dar__condicional,11,dar,dar,condicional,Condicional,regular,ar,no,yo_irregular;pretérito_irregular,sí,daría,darías,daría,daríamos,darían,
dar__presente_subjuntivo,11,dar,dar,presente_subjuntivo,Presente de subjuntivo,irregular,ar,no,yo_irregular;pretérito_irregular,sí,dé,des,dé,demos,den,
dar__imperfecto_subjuntivo,11,dar,dar,imperfecto_subjuntivo,Imperfecto de subjuntivo,irregular,ar,no,yo_irregular;pretérito_irregular,sí,diera,dieras,diera,diéramos,dieran,
dar__imperativo_afirmativo,11,dar,dar,imperativo_afirmativo,Imperativo afirmativo,irregular,ar,no,yo_irregular;pretérito_irregular,sí,,da,dé,demos,den,
dar__imperativo_negativo,11,dar,dar,imperativo_negativo,Imperativo negativo,irregular,ar,no,yo_irregular;pretérito_irregular,sí,,no des,no dé,no demos,no den,
poder__presente_indicativo,13,poder,poder,presente_indicativo,Presente,irregular,er,no,o→ue;pretérito_fuerte;futuro_irregular,sí,puedo,puedes,puede,podemos,pueden,
poder__preterito,13,poder,poder,preterito,Pretérito,irregular,er,no,o→ue;pretérito_fuerte;futuro_irregular,sí,pude,pudiste,pudo,pudimos,pudieron,
poder__imperfecto,13,poder,poder,imperfecto,Imperfecto,regular,er,no,o→ue;pretérito_fuerte;futuro_irregular,sí,podía,podías,podía,podíamos,podían,
poder__futuro,13,poder,poder,futuro,Futuro,irregular,er,no,o→ue;pretérito_fuerte;futuro_irregular,sí,podré,podrás,podrá,podremos,podrán,
poder__condicional,13,poder,poder,condicional,Condicional,irregular,er,no,o→ue;pretérito_fuerte;futuro_irregular,sí,podría,podrías,podría,podríamos,podrían,
poder__presente_subjuntivo,13,poder,poder,presente_subjuntivo,Presente de subjuntivo,irregular,er,no,o→ue;pretérito_fuerte;futuro_irregular,sí,pueda,puedas,pueda,podamos,puedan,
poder__imperfecto_subjuntivo,13,poder,poder,imperfecto_subjuntivo,Imperfecto de subjuntivo,irregular,er,no,o→ue;pretérito_fuerte;futuro_irregular,sí,pudiera,pudieras,pudiera,pudiéramos,pudieran,
poder__imperativo_afirmativo,13,poder,poder,imperativo_afirmativo,Imperativo afirmativo,irregular,er,no,o→ue;pretérito_fuerte;futuro_irregular,sí,,puede,pueda,podamos,puedan,
poder__imperativo_negativo,13,poder,poder,imperativo_negativo,Imperativo negativo,irregular,er,no,o→ue;pretérito_fuerte;futuro_irregular,sí,,no puedas,no pueda,no podamos,no puedan,
venir__presente_indicativo,15,venir,venir,presente_indicativo,Presente,irregular,ir,no,e→ie;yo-go;pretérito_fuerte;futuro_irregular;imperativo_tú_irregular,sí,vengo,vienes,viene,venimos,vienen,
venir__preterito,15,venir,venir,preterito,Pretérito,irregular,ir,no,e→ie;yo-go;pretérito_fuerte;futuro_irregular;imperativo_tú_irregular,sí,vine,viniste,vino,vinimos,vinieron,
venir__imperfecto,15,venir,venir,imperfecto,Imperfecto,regular,ir,no,e→ie;yo-go;pretérito_fuerte;futuro_irregular;imperativo_tú_irregular,sí,venía,venías,venía,veníamos,venían,
venir__futuro,15,venir,venir,futuro,Futuro,irregular,ir,no,e→ie;yo-go;pretérito_fuerte;futuro_irregular;imperativo_tú_irregular,sí,vendré,vendrás,vendrá,vendremos,vendrán,
venir__condicional,15,venir,venir,condicional,Condicional,irregular,ir,no,e→ie;yo-go;pretérito_fuerte;futuro_irregular;imperativo_tú_irregular,sí,vendría,vendrías,vendría,vendríamos,vendrían,
venir__presente_subjuntivo,15,venir,venir,presente_subjuntivo,Presente de subjuntivo,irregular,ir,no,e→ie;yo-go;pretérito_fuerte;futuro_irregular;imperativo_tú_irregular,sí,venga,vengas,venga,vengamos,vengan,
venir__imperfecto_subjuntivo,15,venir,venir,imperfecto_subjuntivo,Imperfecto de subjuntivo,irregular,ir,no,e→ie;yo-go;pretérito_fuerte;futuro_irregular;imperativo_tú_irregular,sí,viniera,vinieras,viniera,viniéramos,vinieran,
venir__imperativo_afirmativo,15,venir,venir,imperativo_afirmativo,Imperativo afirmativo,irregular,ir,no,e→ie;yo-go;pretérito_fuerte;futuro_irregular;imperativo_tú_irregular,sí,,ven,venga,vengamos,vengan,
venir__imperativo_negativo,15,venir,venir,imperativo_negativo,Imperativo negativo,irregular,ir,no,e→ie;yo-go;pretérito_fuerte;futuro_irregular;imperativo_tú_irregular,sí,,no vengas,no venga,no vengamos,no vengan,
irse__presente_indicativo,17,irse,ir,presente_indicativo,Presente,irregular,ir,sí,altamente_irregular;imperativo_tú_irregular;pronominal,sí,me voy,te vas,se va,nos vamos,se van,
irse__preterito,17,irse,ir,preterito,Pretérito,irregular,ir,sí,altamente_irregular;imperativo_tú_irregular;pronominal,sí,me fui,te fuiste,se fue,nos fuimos,se fueron,
irse__imperfecto,17,irse,ir,imperfecto,Imperfecto,irregular,ir,sí,altamente_irregular;imperativo_tú_irregular;pronominal,sí,me iba,te ibas,se iba,nos íbamos,se iban,
irse__futuro,17,irse,ir,futuro,Futuro,regular,ir,sí,altamente_irregular;imperativo_tú_irregular;pronominal,sí,me iré,te irás,se irá,nos iremos,se irán,
irse__condicional,17,irse,ir,condicional,Condicional,regular,ir,sí,altamente_irregular;imperativo_tú_irregular;pronominal,sí,me iría,te irías,se iría,nos iríamos,se irían,
irse__presente_subjuntivo,17,irse,ir,presente_subjuntivo,Presente de subjuntivo,irregular,ir,sí,altamente_irregular;imperativo_tú_irregular;pronominal,sí,me vaya,te vayas,se vaya,nos vayamos,se vayan,
irse__imperfecto_subjuntivo,17,irse,ir,imperfecto_subjuntivo,Imperfecto de subjuntivo,irregular,ir,sí,altamente_irregular;imperativo_tú_irregular;pronominal,sí,me fuera,te fueras,se fuera,nos fuéramos,se fueran,
irse__imperativo_afirmativo,17,irse,ir,imperativo_afirmativo,Imperativo afirmativo,irregular,ir,sí,altamente_irregular;imperativo_tú_irregular;pronominal,sí,,vete,váyase,vámonos,váyanse,
irse__imperativo_negativo,17,irse,ir,imperativo_negativo,Imperativo negativo,irregular,ir,sí,altamente_irregular;imperativo_tú_irregular;pronominal,sí,,no te vayas,no se vaya,no nos vayamos,no se vayan,
salir__presente_indicativo,18,salir,salir,presente_indicativo,Presente,irregular,ir,no,yo-go;futuro_irregular;imperativo_tú_irregular,sí,salgo,sales,sale,salimos,salen,
salir__preterito,18,salir,salir,preterito,Pretérito,regular,ir,no,yo-go;futuro_irregular;imperativo_tú_irregular,sí,salí,saliste,salió,salimos,salieron,
salir__imperfecto,18,salir,salir,imperfecto,Imperfecto,regular,ir,no,yo-go;futuro_irregular;imperativo_tú_irregular,sí,salía,salías,salía,salíamos,salían,
salir__futuro,18,salir,salir,futuro,Futuro,irregular,ir,no,yo-go;futuro_irregular;imperativo_tú_irregular,sí,saldré,saldrás,saldrá,saldremos,saldrán,
salir__condicional,18,salir,salir,condicional,Condicional,irregular,ir,no,yo-go;futuro_irregular;imperativo_tú_irregular,sí,saldría,saldrías,saldría,saldríamos,saldrían,
salir__presente_subjuntivo,18,salir,salir,presente_subjuntivo,Presente de subjuntivo,irregular,ir,no,yo-go;futuro_irregular;imperativo_tú_irregular,sí,salga,salgas,salga,salgamos,salgan,
salir__imperfecto_subjuntivo,18,salir,salir,imperfecto_subjuntivo,Imperfecto de subjuntivo,regular,ir,no,yo-go;futuro_irregular;imperativo_tú_irregular,sí,saliera,salieras,saliera,saliéramos,salieran,
salir__imperativo_afirmativo,18,salir,salir,imperativo_afirmativo,Imperativo afirmativo,irregular,ir,no,yo-go;futuro_irregular;imperativo_tú_irregular,sí,,sal,salga,salgamos,salgan,
salir__imperativo_negativo,18,salir,salir,imperativo_negativo,Imperativo negativo,irregular,ir,no,yo-go;futuro_irregular;imperativo_tú_irregular,sí,,no salgas,no salga,no salgamos,no salgan,
poner__presente_indicativo,19,poner,poner,presente_indicativo,Presente,irregular,er,no,yo-go;pretérito_fuerte;futuro_irregular;imperativo_tú_irregular,sí,pongo,pones,pone,ponemos,ponen,
poner__preterito,19,poner,poner,preterito,Pretérito,irregular,er,no,yo-go;pretérito_fuerte;futuro_irregular;imperativo_tú_irregular,sí,puse,pusiste,puso,pusimos,pusieron,
poner__imperfecto,19,poner,poner,imperfecto,Imperfecto,regular,er,no,yo-go;pretérito_fuerte;futuro_irregular;imperativo_tú_irregular,sí,ponía,ponías,ponía,poníamos,ponían,
poner__futuro,19,poner,poner,futuro,Futuro,irregular,er,no,yo-go;pretérito_fuerte;futuro_irregular;imperativo_tú_irregular,sí,pondré,pondrás,pondrá,pondremos,pondrán,
poner__condicional,19,poner,poner,condicional,Condicional,irregular,er,no,yo-go;pretérito_fuerte;futuro_irregular;imperativo_tú_irregular,sí,pondría,pondrías,pondría,pondríamos,pondrían,
poner__presente_subjuntivo,19,poner,poner,presente_subjuntivo,Presente de subjuntivo,irregular,er,no,yo-go;pretérito_fuerte;futuro_irregular;imperativo_tú_irregular,sí,ponga,pongas,ponga,pongamos,pongan,
poner__imperfecto_subjuntivo,19,poner,poner,imperfecto_subjuntivo,Imperfecto de subjuntivo,irregular,er,no,yo-go;pretérito_fuerte;futuro_irregular;imperativo_tú_irregular,sí,pusiera,pusieras,pusiera,pusiéramos,pusieran,
poner__imperativo_afirmativo,19,poner,poner,imperativo_afirmativo,Imperativo afirmativo,irregular,er,no,yo-go;pretérito_fuerte;futuro_irregular;imperativo_tú_irregular,sí,,pon,ponga,pongamos,pongan,
poner__imperativo_negativo,19,poner,poner,imperativo_negativo,Imperativo negativo,irregular,er,no,yo-go;pretérito_fuerte;futuro_irregular;imperativo_tú_irregular,sí,,no pongas,no ponga,no pongamos,no pongan,
llegar__presente_indicativo,20,llegar,llegar,presente_indicativo,Presente,regular,ar,no,-gar,sí,llego,llegas,llega,llegamos,llegan,
llegar__preterito,20,llegar,llegar,preterito,Pretérito,ortografico,ar,no,-gar,sí,llegué,llegaste,llegó,llegamos,llegaron,
llegar__imperfecto,20,llegar,llegar,imperfecto,Imperfecto,regular,ar,no,-gar,sí,llegaba,llegabas,llegaba,llegábamos,llegaban,
llegar__futuro,20,llegar,llegar,futuro,Futuro,regular,ar,no,-gar,sí,llegaré,llegarás,llegará,llegaremos,llegarán,
llegar__condicional,20,llegar,llegar,condicional,Condicional,regular,ar,no,-gar,sí,llegaría,llegarías,llegaría,llegaríamos,llegarían,
llegar__presente_subjuntivo,20,llegar,llegar,presente_subjuntivo,Presente de subjuntivo,ortografico,ar,no,-gar,sí,llegue,llegues,llegue,lleguemos,lleguen,
llegar__imperfecto_subjuntivo,20,llegar,llegar,imperfecto_subjuntivo,Imperfecto de subjuntivo,regular,ar,no,-gar,sí,llegara,llegaras,llegara,llegáramos,llegaran,
llegar__imperativo_afirmativo,20,llegar,llegar,imperativo_afirmativo,Imperativo afirmativo,ortografico,ar,no,-gar,sí,,llega,llegue,lleguemos,lleguen,
llegar__imperativo_negativo,20,llegar,llegar,imperativo_negativo,Imperativo negativo,ortografico,ar,no,-gar,sí,,no llegues,no llegue,no lleguemos,no lleguen,
comer__presente_indicativo,21,comer,comer,presente_indicativo,Presente,regular,er,no,regular,sí,como,comes,come,comemos,comen,
comer__preterito,21,comer,comer,preterito,Pretérito,regular,er,no,regular,sí,comí,comiste,comió,comimos,comieron,
comer__imperfecto,21,comer,comer,imperfecto,Imperfecto,regular,er,no,regular,sí,comía,comías,comía,comíamos,comían,
comer__futuro,21,comer,comer,futuro,Futuro,regular,er,no,regular,sí,comeré,comerás,comerá,comeremos,comerán,
comer__condicional,21,comer,comer,condicional,Condicional,regular,er,no,regular,sí,comería,comerías,comería,comeríamos,comerían,
comer__presente_subjuntivo,21,comer,comer,presente_subjuntivo,Presente de subjuntivo,regular,er,no,regular,sí,coma,comas,coma,comamos,coman,
comer__imperfecto_subjuntivo,21,comer,comer,imperfecto_subjuntivo,Imperfecto de subjuntivo,regular,er,no,regular,sí,comiera,comieras,comiera,comiéramos,comieran,
comer__imperativo_afirmativo,21,comer,comer,imperativo_afirmativo,Imperativo afirmativo,regular,er,no,regular,sí,,come,coma,comamos,coman,
comer__imperativo_negativo,21,comer,comer,imperativo_negativo,Imperativo negativo,regular,er,no,regular,sí,,no comas,no coma,no comamos,no coman,
dejar__presente_indicativo,22,dejar,dejar,presente_indicativo,Presente,regular,ar,no,regular,sí,dejo,dejas,deja,dejamos,dejan,
dejar__preterito,22,dejar,dejar,preterito,Pretérito,regular,ar,no,regular,sí,dejé,dejaste,dejó,dejamos,dejaron,
dejar__imperfecto,22,dejar,dejar,imperfecto,Imperfecto,regular,ar,no,regular,sí,dejaba,dejabas,dejaba,dejábamos,dejaban,
dejar__futuro,22,dejar,dejar,futuro,Futuro,regular,ar,no,regular,sí,dejaré,dejarás,dejará,dejaremos,dejarán,
dejar__condicional,22,dejar,dejar,condicional,Condicional,regular,ar,no,regular,sí,dejaría,dejarías,dejaría,dejaríamos,dejarían,
dejar__presente_subjuntivo,22,dejar,dejar,presente_subjuntivo,Presente de subjuntivo,regular,ar,no,regular,sí,deje,dejes,deje,dejemos,dejen,
dejar__imperfecto_subjuntivo,22,dejar,dejar,imperfecto_subjuntivo,Imperfecto de subjuntivo,regular,ar,no,regular,sí,dejara,dejaras,dejara,dejáramos,dejaran,
dejar__imperativo_afirmativo,22,dejar,dejar,imperativo_afirmativo,Imperativo afirmativo,regular,ar,no,regular,sí,,deja,deje,dejemos,dejen,
dejar__imperativo_negativo,22,dejar,dejar,imperativo_negativo,Imperativo negativo,regular,ar,no,regular,sí,,no dejes,no deje,no dejemos,no dejen,
hablar__presente_indicativo,23,hablar,hablar,presente_indicativo,Presente,regular,ar,no,regular,sí,hablo,hablas,habla,hablamos,hablan,
hablar__preterito,23,hablar,hablar,preterito,Pretérito,regular,ar,no,regular,sí,hablé,hablaste,habló,hablamos,hablaron,
hablar__imperfecto,23,hablar,hablar,imperfecto,Imperfecto,regular,ar,no,regular,sí,hablaba,hablabas,hablaba,hablábamos,hablaban,
hablar__futuro,23,hablar,hablar,futuro,Futuro,regular,ar,no,regular,sí,hablaré,hablarás,hablará,hablaremos,hablarán,
hablar__condicional,23,hablar,hablar,condicional,Condicional,regular,ar,no,regular,sí,hablaría,hablarías,hablaría,hablaríamos,hablarían,
hablar__presente_subjuntivo,23,hablar,hablar,presente_subjuntivo,Presente de subjuntivo,regular,ar,no,regular,sí,hable,hables,hable,hablemos,hablen,
hablar__imperfecto_subjuntivo,23,hablar,hablar,imperfecto_subjuntivo,Imperfecto de subjuntivo,regular,ar,no,regular,sí,hablara,hablaras,hablara,habláramos,hablaran,
hablar__imperativo_afirmativo,23,hablar,hablar,imperativo_afirmativo,Imperativo afirmativo,regular,ar,no,regular,sí,,habla,hable,hablemos,hablen,
hablar__imperativo_negativo,23,hablar,hablar,imperativo_negativo,Imperativo negativo,regular,ar,no,regular,sí,,no hables,no hable,no hablemos,no hablen,
pedir__presente_indicativo,25,pedir,pedir,presente_indicativo,Presente,irregular,ir,no,e→i;pretérito_3a_e→i,sí,pido,pides,pide,pedimos,piden,
pedir__preterito,25,pedir,pedir,preterito,Pretérito,irregular,ir,no,e→i;pretérito_3a_e→i,sí,pedí,pediste,pidió,pedimos,pidieron,
pedir__imperfecto,25,pedir,pedir,imperfecto,Imperfecto,regular,ir,no,e→i;pretérito_3a_e→i,sí,pedía,pedías,pedía,pedíamos,pedían,
pedir__futuro,25,pedir,pedir,futuro,Futuro,regular,ir,no,e→i;pretérito_3a_e→i,sí,pediré,pedirás,pedirá,pediremos,pedirán,
pedir__condicional,25,pedir,pedir,condicional,Condicional,regular,ir,no,e→i;pretérito_3a_e→i,sí,pediría,pedirías,pediría,pediríamos,pedirían,
pedir__presente_subjuntivo,25,pedir,pedir,presente_subjuntivo,Presente de subjuntivo,irregular,ir,no,e→i;pretérito_3a_e→i,sí,pida,pidas,pida,pidamos,pidan,
pedir__imperfecto_subjuntivo,25,pedir,pedir,imperfecto_subjuntivo,Imperfecto de subjuntivo,irregular,ir,no,e→i;pretérito_3a_e→i,sí,pidiera,pidieras,pidiera,pidiéramos,pidieran,
pedir__imperativo_afirmativo,25,pedir,pedir,imperativo_afirmativo,Imperativo afirmativo,irregular,ir,no,e→i;pretérito_3a_e→i,sí,,pide,pida,pidamos,pidan,
pedir__imperativo_negativo,25,pedir,pedir,imperativo_negativo,Imperativo negativo,irregular,ir,no,e→i;pretérito_3a_e→i,sí,,no pidas,no pida,no pidamos,no pidan,
llevar__presente_indicativo,26,llevar,llevar,presente_indicativo,Presente,regular,ar,no,regular,sí,llevo,llevas,lleva,llevamos,llevan,
llevar__preterito,26,llevar,llevar,preterito,Pretérito,regular,ar,no,regular,sí,llevé,llevaste,llevó,llevamos,llevaron,
llevar__imperfecto,26,llevar,llevar,imperfecto,Imperfecto,regular,ar,no,regular,sí,llevaba,llevabas,llevaba,llevábamos,llevaban,
llevar__futuro,26,llevar,llevar,futuro,Futuro,regular,ar,no,regular,sí,llevaré,llevarás,llevará,llevaremos,llevarán,
llevar__condicional,26,llevar,llevar,condicional,Condicional,regular,ar,no,regular,sí,llevaría,llevarías,llevaría,llevaríamos,llevarían,
llevar__presente_subjuntivo,26,llevar,llevar,presente_subjuntivo,Presente de subjuntivo,regular,ar,no,regular,sí,lleve,lleves,lleve,llevemos,lleven,
llevar__imperfecto_subjuntivo,26,llevar,llevar,imperfecto_subjuntivo,Imperfecto de subjuntivo,regular,ar,no,regular,sí,llevara,llevaras,llevara,lleváramos,llevaran,
llevar__imperativo_afirmativo,26,llevar,llevar,imperativo_afirmativo,Imperativo afirmativo,regular,ar,no,regular,sí,,lleva,lleve,llevemos,lleven,
llevar__imperativo_negativo,26,llevar,llevar,imperativo_negativo,Imperativo negativo,regular,ar,no,regular,sí,,no lleves,no lleve,no llevemos,no lleven,
sentir__presente_indicativo,35,sentir,sentir,presente_indicativo,Presente,irregular,ir,no,e→ie;pretérito_3a_e→i,sí,siento,sientes,siente,sentimos,sienten,
sentir__preterito,35,sentir,sentir,preterito,Pretérito,irregular,ir,no,e→ie;pretérito_3a_e→i,sí,sentí,sentiste,sintió,sentimos,sintieron,
sentir__imperfecto,35,sentir,sentir,imperfecto,Imperfecto,regular,ir,no,e→ie;pretérito_3a_e→i,sí,sentía,sentías,sentía,sentíamos,sentían,
sentir__futuro,35,sentir,sentir,futuro,Futuro,regular,ir,no,e→ie;pretérito_3a_e→i,sí,sentiré,sentirás,sentirá,sentiremos,sentirán,
sentir__condicional,35,sentir,sentir,condicional,Condicional,regular,ir,no,e→ie;pretérito_3a_e→i,sí,sentiría,sentirías,sentiría,sentiríamos,sentirían,
sentir__presente_subjuntivo,35,sentir,sentir,presente_subjuntivo,Presente de subjuntivo,irregular,ir,no,e→ie;pretérito_3a_e→i,sí,sienta,sientas,sienta,sintamos,sientan,
sentir__imperfecto_subjuntivo,35,sentir,sentir,imperfecto_subjuntivo,Imperfecto de subjuntivo,irregular,ir,no,e→ie;pretérito_3a_e→i,sí,sintiera,sintieras,sintiera,sintiéramos,sintieran,
sentir__imperativo_afirmativo,35,sentir,sentir,imperativo_afirmativo,Imperativo afirmativo,irregular,ir,no,e→ie;pretérito_3a_e→i,sí,,siente,sienta,sintamos,sientan,
sentir__imperativo_negativo,35,sentir,sentir,imperativo_negativo,Imperativo negativo,irregular,ir,no,e→ie;pretérito_3a_e→i,sí,,no sientas,no sienta,no sintamos,no sientan,
empezar__presente_indicativo,36,empezar,empezar,presente_indicativo,Presente,irregular,ar,no,e→ie;-zar,sí,empiezo,empiezas,empieza,empezamos,empiezan,
empezar__preterito,36,empezar,empezar,preterito,Pretérito,ortografico,ar,no,e→ie;-zar,sí,empecé,empezaste,empezó,empezamos,empezaron,
empezar__imperfecto,36,empezar,empezar,imperfecto,Imperfecto,regular,ar,no,e→ie;-zar,sí,empezaba,empezabas,empezaba,empezábamos,empezaban,
empezar__futuro,36,empezar,empezar,futuro,Futuro,regular,ar,no,e→ie;-zar,sí,empezaré,empezarás,empezará,empezaremos,empezarán,
empezar__condicional,36,empezar,empezar,condicional,Condicional,regular,ar,no,e→ie;-zar,sí,empezaría,empezarías,empezaría,empezaríamos,empezarían,
empezar__presente_subjuntivo,36,empezar,empezar,presente_subjuntivo,Presente de subjuntivo,irregular,ar,no,e→ie;-zar,sí,empiece,empieces,empiece,empecemos,empiecen,
empezar__imperfecto_subjuntivo,36,empezar,empezar,imperfecto_subjuntivo,Imperfecto de subjuntivo,regular,ar,no,e→ie;-zar,sí,empezara,empezaras,empezara,empezáramos,empezaran,
empezar__imperativo_afirmativo,36,empezar,empezar,imperativo_afirmativo,Imperativo afirmativo,irregular,ar,no,e→ie;-zar,sí,,empieza,empiece,empecemos,empiecen,
empezar__imperativo_negativo,36,empezar,empezar,imperativo_negativo,Imperativo negativo,irregular,ar,no,e→ie;-zar,sí,,no empieces,no empiece,no empecemos,no empiecen,
quedar__presente_indicativo,37,quedar,quedar,presente_indicativo,Presente,regular,ar,no,regular,sí,quedo,quedas,queda,quedamos,quedan,
quedar__preterito,37,quedar,quedar,preterito,Pretérito,regular,ar,no,regular,sí,quedé,quedaste,quedó,quedamos,quedaron,
quedar__imperfecto,37,quedar,quedar,imperfecto,Imperfecto,regular,ar,no,regular,sí,quedaba,quedabas,quedaba,quedábamos,quedaban,
quedar__futuro,37,quedar,quedar,futuro,Futuro,regular,ar,no,regular,sí,quedaré,quedarás,quedará,quedaremos,quedarán,
quedar__condicional,37,quedar,quedar,condicional,Condicional,regular,ar,no,regular,sí,quedaría,quedarías,quedaría,quedaríamos,quedarían,
quedar__presente_subjuntivo,37,quedar,quedar,presente_subjuntivo,Presente de subjuntivo,regular,ar,no,regular,sí,quede,quedes,quede,quedemos,queden,
quedar__imperfecto_subjuntivo,37,quedar,quedar,imperfecto_subjuntivo,Imperfecto de subjuntivo,regular,ar,no,regular,sí,quedara,quedaras,quedara,quedáramos,quedaran,
quedar__imperativo_afirmativo,37,quedar,quedar,imperativo_afirmativo,Imperativo afirmativo,regular,ar,no,regular,sí,,queda,quede,quedemos,queden,
quedar__imperativo_negativo,37,quedar,quedar,imperativo_negativo,Imperativo negativo,regular,ar,no,regular,sí,,no quedes,no quede,no quedemos,no queden,
pensar__presente_indicativo,39,pensar,pensar,presente_indicativo,Presente,irregular,ar,no,e→ie,sí,pienso,piensas,piensa,pensamos,piensan,
pensar__preterito,39,pensar,pensar,preterito,Pretérito,regular,ar,no,e→ie,sí,pensé,pensaste,pensó,pensamos,pensaron,
pensar__imperfecto,39,pensar,pensar,imperfecto,Imperfecto,regular,ar,no,e→ie,sí,pensaba,pensabas,pensaba,pensábamos,pensaban,
pensar__futuro,39,pensar,pensar,futuro,Futuro,regular,ar,no,e→ie,sí,pensaré,pensarás,pensará,pensaremos,pensarán,
pensar__condicional,39,pensar,pensar,condicional,Condicional,regular,ar,no,e→ie,sí,pensaría,pensarías,pensaría,pensaríamos,pensarían,
pensar__presente_subjuntivo,39,pensar,pensar,presente_subjuntivo,Presente de subjuntivo,irregular,ar,no,e→ie,sí,piense,pienses,piense,pensemos,piensen,
pensar__imperfecto_subjuntivo,39,pensar,pensar,imperfecto_subjuntivo,Imperfecto de subjuntivo,regular,ar,no,e→ie,sí,pensara,pensaras,pensara,pensáramos,pensaran,
pensar__imperativo_afirmativo,39,pensar,pensar,imperativo_afirmativo,Imperativo afirmativo,irregular,ar,no,e→ie,sí,,piensa,piense,pensemos,piensen,
pensar__imperativo_negativo,39,pensar,pensar,imperativo_negativo,Imperativo negativo,irregular,ar,no,e→ie,sí,,no pienses,no piense,no pensemos,no piensen,
pagar__presente_indicativo,42,pagar,pagar,presente_indicativo,Presente,regular,ar,no,-gar,sí,pago,pagas,paga,pagamos,pagan,
pagar__preterito,42,pagar,pagar,preterito,Pretérito,ortografico,ar,no,-gar,sí,pagué,pagaste,pagó,pagamos,pagaron,
pagar__imperfecto,42,pagar,pagar,imperfecto,Imperfecto,regular,ar,no,-gar,sí,pagaba,pagabas,pagaba,pagábamos,pagaban,
pagar__futuro,42,pagar,pagar,futuro,Futuro,regular,ar,no,-gar,sí,pagaré,pagarás,pagará,pagaremos,pagarán,
pagar__condicional,42,pagar,pagar,condicional,Condicional,regular,ar,no,-gar,sí,pagaría,pagarías,pagaría,pagaríamos,pagarían,
pagar__presente_subjuntivo,42,pagar,pagar,presente_subjuntivo,Presente de subjuntivo,ortografico,ar,no,-gar,sí,pague,pagues,pague,paguemos,paguen,
pagar__imperfecto_subjuntivo,42,pagar,pagar,imperfecto_subjuntivo,Imperfecto de subjuntivo,regular,ar,no,-gar,sí,pagara,pagaras,pagara,pagáramos,pagaran,
pagar__imperativo_afirmativo,42,pagar,pagar,imperativo_afirmativo,Imperativo afirmativo,ortografico,ar,no,-gar,sí,,paga,pague,paguemos,paguen,
pagar__imperativo_negativo,42,pagar,pagar,imperativo_negativo,Imperativo negativo,ortografico,ar,no,-gar,sí,,no pagues,no pague,no paguemos,no paguen,
quedarse__presente_indicativo,43,quedarse,quedar,presente_indicativo,Presente,regular,ar,sí,pronominal,sí,me quedo,te quedas,se queda,nos quedamos,se quedan,
quedarse__preterito,43,quedarse,quedar,preterito,Pretérito,regular,ar,sí,pronominal,sí,me quedé,te quedaste,se quedó,nos quedamos,se quedaron,
quedarse__imperfecto,43,quedarse,quedar,imperfecto,Imperfecto,regular,ar,sí,pronominal,sí,me quedaba,te quedabas,se quedaba,nos quedábamos,se quedaban,
quedarse__futuro,43,quedarse,quedar,futuro,Futuro,regular,ar,sí,pronominal,sí,me quedaré,te quedarás,se quedará,nos quedaremos,se quedarán,
quedarse__condicional,43,quedarse,quedar,condicional,Condicional,regular,ar,sí,pronominal,sí,me quedaría,te quedarías,se quedaría,nos quedaríamos,se quedarían,
quedarse__presente_subjuntivo,43,quedarse,quedar,presente_subjuntivo,Presente de subjuntivo,regular,ar,sí,pronominal,sí,me quede,te quedes,se quede,nos quedemos,se queden,
quedarse__imperfecto_subjuntivo,43,quedarse,quedar,imperfecto_subjuntivo,Imperfecto de subjuntivo,regular,ar,sí,pronominal,sí,me quedara,te quedaras,se quedara,nos quedáramos,se quedaran,
quedarse__imperativo_afirmativo,43,quedarse,quedar,imperativo_afirmativo,Imperativo afirmativo,regular,ar,sí,pronominal,sí,,quédate,quédese,quedémonos,quédense,
quedarse__imperativo_negativo,43,quedarse,quedar,imperativo_negativo,Imperativo negativo,regular,ar,sí,pronominal,sí,,no te quedes,no se quede,no nos quedemos,no se queden,
llamarse__presente_indicativo,44,llamarse,llamar,presente_indicativo,Presente,regular,ar,sí,pronominal,sí,me llamo,te llamas,se llama,nos llamamos,se llaman,
llamarse__preterito,44,llamarse,llamar,preterito,Pretérito,regular,ar,sí,pronominal,sí,me llamé,te llamaste,se llamó,nos llamamos,se llamaron,
llamarse__imperfecto,44,llamarse,llamar,imperfecto,Imperfecto,regular,ar,sí,pronominal,sí,me llamaba,te llamabas,se llamaba,nos llamábamos,se llamaban,
llamarse__futuro,44,llamarse,llamar,futuro,Futuro,regular,ar,sí,pronominal,sí,me llamaré,te llamarás,se llamará,nos llamaremos,se llamarán,
llamarse__condicional,44,llamarse,llamar,condicional,Condicional,regular,ar,sí,pronominal,sí,me llamaría,te llamarías,se llamaría,nos llamaríamos,se llamarían,
llamarse__presente_subjuntivo,44,llamarse,llamar,presente_subjuntivo,Presente de subjuntivo,regular,ar,sí,pronominal,sí,me llame,te llames,se llame,nos llamemos,se llamen,
llamarse__imperfecto_subjuntivo,44,llamarse,llamar,imperfecto_subjuntivo,Imperfecto de subjuntivo,regular,ar,sí,pronominal,sí,me llamara,te llamaras,se llamara,nos llamáramos,se llamaran,
llamarse__imperativo_afirmativo,44,llamarse,llamar,imperativo_afirmativo,Imperativo afirmativo,regular,ar,sí,pronominal,sí,,llámate,llámese,llamémonos,llámense,
llamarse__imperativo_negativo,44,llamarse,llamar,imperativo_negativo,Imperativo negativo,regular,ar,sí,pronominal,sí,,no te llames,no se llame,no nos llamemos,no se llamen,
seguir__presente_indicativo,45,seguir,seguir,presente_indicativo,Presente,irregular,ir,no,e→i;-guir;pretérito_3a_e→i,sí,sigo,sigues,sigue,seguimos,siguen,
seguir__preterito,45,seguir,seguir,preterito,Pretérito,irregular,ir,no,e→i;-guir;pretérito_3a_e→i,sí,seguí,seguiste,siguió,seguimos,siguieron,
seguir__imperfecto,45,seguir,seguir,imperfecto,Imperfecto,regular,ir,no,e→i;-guir;pretérito_3a_e→i,sí,seguía,seguías,seguía,seguíamos,seguían,
seguir__futuro,45,seguir,seguir,futuro,Futuro,regular,ir,no,e→i;-guir;pretérito_3a_e→i,sí,seguiré,seguirás,seguirá,seguiremos,seguirán,
seguir__condicional,45,seguir,seguir,condicional,Condicional,regular,ir,no,e→i;-guir;pretérito_3a_e→i,sí,seguiría,seguirías,seguiría,seguiríamos,seguirían,
seguir__presente_subjuntivo,45,seguir,seguir,presente_subjuntivo,Presente de subjuntivo,irregular,ir,no,e→i;-guir;pretérito_3a_e→i,sí,siga,sigas,siga,sigamos,sigan,
seguir__imperfecto_subjuntivo,45,seguir,seguir,imperfecto_subjuntivo,Imperfecto de subjuntivo,irregular,ir,no,e→i;-guir;pretérito_3a_e→i,sí,siguiera,siguieras,siguiera,siguiéramos,siguieran,
seguir__imperativo_afirmativo,45,seguir,seguir,imperativo_afirmativo,Imperativo afirmativo,irregular,ir,no,e→i;-guir;pretérito_3a_e→i,sí,,sigue,siga,sigamos,sigan,
seguir__imperativo_negativo,45,seguir,seguir,imperativo_negativo,Imperativo negativo,irregular,ir,no,e→i;-guir;pretérito_3a_e→i,sí,,no sigas,no siga,no sigamos,no sigan,
andar__presente_indicativo,47,andar,andar,presente_indicativo,Presente,regular,ar,no,pretérito_fuerte,sí,ando,andas,anda,andamos,andan,
andar__preterito,47,andar,andar,preterito,Pretérito,irregular,ar,no,pretérito_fuerte,sí,anduve,anduviste,anduvo,anduvimos,anduvieron,
andar__imperfecto,47,andar,andar,imperfecto,Imperfecto,regular,ar,no,pretérito_fuerte,sí,andaba,andabas,andaba,andábamos,andaban,
andar__futuro,47,andar,andar,futuro,Futuro,regular,ar,no,pretérito_fuerte,sí,andaré,andarás,andará,andaremos,andarán,
andar__condicional,47,andar,andar,condicional,Condicional,regular,ar,no,pretérito_fuerte,sí,andaría,andarías,andaría,andaríamos,andarían,
andar__presente_subjuntivo,47,andar,andar,presente_subjuntivo,Presente de subjuntivo,regular,ar,no,pretérito_fuerte,sí,ande,andes,ande,andemos,anden,
andar__imperfecto_subjuntivo,47,andar,andar,imperfecto_subjuntivo,Imperfecto de subjuntivo,irregular,ar,no,pretérito_fuerte,sí,anduviera,anduvieras,anduviera,anduviéramos,anduvieran,
andar__imperativo_afirmativo,47,andar,andar,imperativo_afirmativo,Imperativo afirmativo,regular,ar,no,pretérito_fuerte,sí,,anda,ande,andemos,anden,
andar__imperativo_negativo,47,andar,andar,imperativo_negativo,Imperativo negativo,regular,ar,no,pretérito_fuerte,sí,,no andes,no ande,no andemos,no anden,
entrar__presente_indicativo,48,entrar,entrar,presente_indicativo,Presente,regular,ar,no,regular,sí,entro,entras,entra,entramos,entran,
entrar__preterito,48,entrar,entrar,preterito,Pretérito,regular,ar,no,regular,sí,entré,entraste,entró,entramos,entraron,
entrar__imperfecto,48,entrar,entrar,imperfecto,Imperfecto,regular,ar,no,regular,sí,entraba,entrabas,entraba,entrábamos,entraban,
entrar__futuro,48,entrar,entrar,futuro,Futuro,regular,ar,no,regular,sí,entraré,entrarás,entrará,entraremos,entrarán,
entrar__condicional,48,entrar,entrar,condicional,Condicional,regular,ar,no,regular,sí,entraría,entrarías,entraría,entraríamos,entrarían,
entrar__presente_subjuntivo,48,entrar,entrar,presente_subjuntivo,Presente de subjuntivo,regular,ar,no,regular,sí,entre,entres,entre,entremos,entren,
entrar__imperfecto_subjuntivo,48,entrar,entrar,imperfecto_subjuntivo,Imperfecto de subjuntivo,regular,ar,no,regular,sí,entrara,entraras,entrara,entráramos,entraran,
entrar__imperativo_afirmativo,48,entrar,entrar,imperativo_afirmativo,Imperativo afirmativo,regular,ar,no,regular,sí,,entra,entre,entremos,entren,
entrar__imperativo_negativo,48,entrar,entrar,imperativo_negativo,Imperativo negativo,regular,ar,no,regular,sí,,no entres,no entre,no entremos,no entren,
contar__presente_indicativo,50,contar,contar,presente_indicativo,Presente,irregular,ar,no,o→ue,sí,cuento,cuentas,cuenta,contamos,cuentan,
contar__preterito,50,contar,contar,preterito,Pretérito,regular,ar,no,o→ue,sí,conté,contaste,contó,contamos,contaron,
contar__imperfecto,50,contar,contar,imperfecto,Imperfecto,regular,ar,no,o→ue,sí,contaba,contabas,contaba,contábamos,contaban,
contar__futuro,50,contar,contar,futuro,Futuro,regular,ar,no,o→ue,sí,contaré,contarás,contará,contaremos,contarán,
contar__condicional,50,contar,contar,condicional,Condicional,regular,ar,no,o→ue,sí,contaría,contarías,contaría,contaríamos,contarían,
contar__presente_subjuntivo,50,contar,contar,presente_subjuntivo,Presente de subjuntivo,irregular,ar,no,o→ue,sí,cuente,cuentes,cuente,contemos,cuenten,
contar__imperfecto_subjuntivo,50,contar,contar,imperfecto_subjuntivo,Imperfecto de subjuntivo,regular,ar,no,o→ue,sí,contara,contaras,contara,contáramos,contaran,
contar__imperativo_afirmativo,50,contar,contar,imperativo_afirmativo,Imperativo afirmativo,irregular,ar,no,o→ue,sí,,cuenta,cuente,contemos,cuenten,
contar__imperativo_negativo,50,contar,contar,imperativo_negativo,Imperativo negativo,irregular,ar,no,o→ue,sí,,no cuentes,no cuente,no contemos,no cuenten,
conocer__presente_indicativo,51,conocer,conocer,presente_indicativo,Presente,irregular,er,no,yo-zco,sí,conozco,conoces,conoce,conocemos,conocen,
conocer__preterito,51,conocer,conocer,preterito,Pretérito,regular,er,no,yo-zco,sí,conocí,conociste,conoció,conocimos,conocieron,
conocer__imperfecto,51,conocer,conocer,imperfecto,Imperfecto,regular,er,no,yo-zco,sí,conocía,conocías,conocía,conocíamos,conocían,
conocer__futuro,51,conocer,conocer,futuro,Futuro,regular,er,no,yo-zco,sí,conoceré,conocerás,conocerá,conoceremos,conocerán,
conocer__condicional,51,conocer,conocer,condicional,Condicional,regular,er,no,yo-zco,sí,conocería,conocerías,conocería,conoceríamos,conocerían,
conocer__presente_subjuntivo,51,conocer,conocer,presente_subjuntivo,Presente de subjuntivo,irregular,er,no,yo-zco,sí,conozca,conozcas,conozca,conozcamos,conozcan,
conocer__imperfecto_subjuntivo,51,conocer,conocer,imperfecto_subjuntivo,Imperfecto de subjuntivo,regular,er,no,yo-zco,sí,conociera,conocieras,conociera,conociéramos,conocieran,
conocer__imperativo_afirmativo,51,conocer,conocer,imperativo_afirmativo,Imperativo afirmativo,irregular,er,no,yo-zco,sí,,conoce,conozca,conozcamos,conozcan,
conocer__imperativo_negativo,51,conocer,conocer,imperativo_negativo,Imperativo negativo,irregular,er,no,yo-zco,sí,,no conozcas,no conozca,no conozcamos,no conozcan,
entender__presente_indicativo,58,entender,entender,presente_indicativo,Presente,irregular,er,no,e→ie,sí,entiendo,entiendes,entiende,entendemos,entienden,
entender__preterito,58,entender,entender,preterito,Pretérito,regular,er,no,e→ie,sí,entendí,entendiste,entendió,entendimos,entendieron,
entender__imperfecto,58,entender,entender,imperfecto,Imperfecto,regular,er,no,e→ie,sí,entendía,entendías,entendía,entendíamos,entendían,
entender__futuro,58,entender,entender,futuro,Futuro,regular,er,no,e→ie,sí,entenderé,entenderás,entenderá,entenderemos,entenderán,
entender__condicional,58,entender,entender,condicional,Condicional,regular,er,no,e→ie,sí,entendería,entenderías,entendería,entenderíamos,entenderían,
entender__presente_subjuntivo,58,entender,entender,presente_subjuntivo,Presente de subjuntivo,irregular,er,no,e→ie,sí,entienda,entiendas,entienda,entendamos,entiendan,
entender__imperfecto_subjuntivo,58,entender,entender,imperfecto_subjuntivo,Imperfecto de subjuntivo,regular,er,no,e→ie,sí,entendiera,entendieras,entendiera,entendiéramos,entendieran,
entender__imperativo_afirmativo,58,entender,entender,imperativo_afirmativo,Imperativo afirmativo,irregular,er,no,e→ie,sí,,entiende,entienda,entendamos,entiendan,
entender__imperativo_negativo,58,entender,entender,imperativo_negativo,Imperativo negativo,irregular,er,no,e→ie,sí,,no entiendas,no entienda,no entendamos,no entiendan,
tocar__presente_indicativo,59,tocar,tocar,presente_indicativo,Presente,regular,ar,no,-car,sí,toco,tocas,toca,tocamos,tocan,
tocar__preterito,59,tocar,tocar,preterito,Pretérito,ortografico,ar,no,-car,sí,toqué,tocaste,tocó,tocamos,tocaron,
tocar__imperfecto,59,tocar,tocar,imperfecto,Imperfecto,regular,ar,no,-car,sí,tocaba,tocabas,tocaba,tocábamos,tocaban,
tocar__futuro,59,tocar,tocar,futuro,Futuro,regular,ar,no,-car,sí,tocaré,tocarás,tocará,tocaremos,tocarán,
tocar__condicional,59,tocar,tocar,condicional,Condicional,regular,ar,no,-car,sí,tocaría,tocarías,tocaría,tocaríamos,tocarían,
tocar__presente_subjuntivo,59,tocar,tocar,presente_subjuntivo,Presente de subjuntivo,ortografico,ar,no,-car,sí,toque,toques,toque,toquemos,toquen,
tocar__imperfecto_subjuntivo,59,tocar,tocar,imperfecto_subjuntivo,Imperfecto de subjuntivo,regular,ar,no,-car,sí,tocara,tocaras,tocara,tocáramos,tocaran,
tocar__imperativo_afirmativo,59,tocar,tocar,imperativo_afirmativo,Imperativo afirmativo,ortografico,ar,no,-car,sí,,toca,toque,toquemos,toquen,
tocar__imperativo_negativo,59,tocar,tocar,imperativo_negativo,Imperativo negativo,ortografico,ar,no,-car,sí,,no toques,no toque,no toquemos,no toquen,
ponerse__presente_indicativo,69,ponerse,poner,presente_indicativo,Presente,irregular,er,sí,yo-go;pretérito_fuerte;futuro_irregular;imperativo_tú_irregular;pronominal,sí,me pongo,te pones,se pone,nos ponemos,se ponen,
ponerse__preterito,69,ponerse,poner,preterito,Pretérito,irregular,er,sí,yo-go;pretérito_fuerte;futuro_irregular;imperativo_tú_irregular;pronominal,sí,me puse,te pusiste,se puso,nos pusimos,se pusieron,
ponerse__imperfecto,69,ponerse,poner,imperfecto,Imperfecto,regular,er,sí,yo-go;pretérito_fuerte;futuro_irregular;imperativo_tú_irregular;pronominal,sí,me ponía,te ponías,se ponía,nos poníamos,se ponían,
ponerse__futuro,69,ponerse,poner,futuro,Futuro,irregular,er,sí,yo-go;pretérito_fuerte;futuro_irregular;imperativo_tú_irregular;pronominal,sí,me pondré,te pondrás,se pondrá,nos pondremos,se pondrán,
ponerse__condicional,69,ponerse,poner,condicional,Condicional,irregular,er,sí,yo-go;pretérito_fuerte;futuro_irregular;imperativo_tú_irregular;pronominal,sí,me pondría,te pondrías,se pondría,nos pondríamos,se pondrían,
ponerse__presente_subjuntivo,69,ponerse,poner,presente_subjuntivo,Presente de subjuntivo,irregular,er,sí,yo-go;pretérito_fuerte;futuro_irregular;imperativo_tú_irregular;pronominal,sí,me ponga,te pongas,se ponga,nos pongamos,se pongan,
ponerse__imperfecto_subjuntivo,69,ponerse,poner,imperfecto_subjuntivo,Imperfecto de subjuntivo,irregular,er,sí,yo-go;pretérito_fuerte;futuro_irregular;imperativo_tú_irregular;pronominal,sí,me pusiera,te pusieras,se pusiera,nos pusiéramos,se pusieran,
ponerse__imperativo_afirmativo,69,ponerse,poner,imperativo_afirmativo,Imperativo afirmativo,irregular,er,sí,yo-go;pretérito_fuerte;futuro_irregular;imperativo_tú_irregular;pronominal,sí,,ponte,póngase,pongámonos,pónganse,
ponerse__imperativo_negativo,69,ponerse,poner,imperativo_negativo,Imperativo negativo,irregular,er,sí,yo-go;pretérito_fuerte;futuro_irregular;imperativo_tú_irregular;pronominal,sí,,no te pongas,no se ponga,no nos pongamos,no se pongan,
bajar__presente_indicativo,76,bajar,bajar,presente_indicativo,Presente,regular,ar,no,regular,sí,bajo,bajas,baja,bajamos,bajan,
bajar__preterito,76,bajar,bajar,preterito,Pretérito,regular,ar,no,regular,sí,bajé,bajaste,bajó,bajamos,bajaron,
bajar__imperfecto,76,bajar,bajar,imperfecto,Imperfecto,regular,ar,no,regular,sí,bajaba,bajabas,bajaba,bajábamos,bajaban,
bajar__futuro,76,bajar,bajar,futuro,Futuro,regular,ar,no,regular,sí,bajaré,bajarás,bajará,bajaremos,bajarán,
bajar__condicional,76,bajar,bajar,condicional,Condicional,regular,ar,no,regular,sí,bajaría,bajarías,bajaría,bajaríamos,bajarían,
bajar__presente_subjuntivo,76,bajar,bajar,presente_subjuntivo,Presente de subjuntivo,regular,ar,no,regular,sí,baje,bajes,baje,bajemos,bajen,
bajar__imperfecto_subjuntivo,76,bajar,bajar,imperfecto_subjuntivo,Imperfecto de subjuntivo,regular,ar,no,regular,sí,bajara,bajaras,bajara,bajáramos,bajaran,
bajar__imperativo_afirmativo,76,bajar,bajar,imperativo_afirmativo,Imperativo afirmativo,regular,ar,no,regular,sí,,baja,baje,bajemos,bajen,
bajar__imperativo_negativo,76,bajar,bajar,imperativo_negativo,Imperativo negativo,regular,ar,no,regular,sí,,no bajes,no baje,no bajemos,no bajen,
abrir__presente_indicativo,77,abrir,abrir,presente_indicativo,Presente,regular,ir,no,regular,sí,abro,abres,abre,abrimos,abren,
abrir__preterito,77,abrir,abrir,preterito,Pretérito,regular,ir,no,regular,sí,abrí,abriste,abrió,abrimos,abrieron,
abrir__imperfecto,77,abrir,abrir,imperfecto,Imperfecto,regular,ir,no,regular,sí,abría,abrías,abría,abríamos,abrían,
abrir__futuro,77,abrir,abrir,futuro,Futuro,regular,ir,no,regular,sí,abriré,abrirás,abrirá,abriremos,abrirán,
abrir__condicional,77,abrir,abrir,condicional,Condicional,regular,ir,no,regular,sí,abriría,abrirías,abriría,abriríamos,abrirían,
abrir__presente_subjuntivo,77,abrir,abrir,presente_subjuntivo,Presente de subjuntivo,regular,ir,no,regular,sí,abra,abras,abra,abramos,abran,
abrir__imperfecto_subjuntivo,77,abrir,abrir,imperfecto_subjuntivo,Imperfecto de subjuntivo,regular,ir,no,regular,sí,abriera,abrieras,abriera,abriéramos,abrieran,
abrir__imperativo_afirmativo,77,abrir,abrir,imperativo_afirmativo,Imperativo afirmativo,regular,ir,no,regular,sí,,abre,abra,abramos,abran,
abrir__imperativo_negativo,77,abrir,abrir,imperativo_negativo,Imperativo negativo,regular,ir,no,regular,sí,,no abras,no abra,no abramos,no abran,
volver__presente_indicativo,80,volver,volver,presente_indicativo,Presente,irregular,er,no,o→ue,sí,vuelvo,vuelves,vuelve,volvemos,vuelven,
volver__preterito,80,volver,volver,preterito,Pretérito,regular,er,no,o→ue,sí,volví,volviste,volvió,volvimos,volvieron,
volver__imperfecto,80,volver,volver,imperfecto,Imperfecto,regular,er,no,o→ue,sí,volvía,volvías,volvía,volvíamos,volvían,
volver__futuro,80,volver,volver,futuro,Futuro,regular,er,no,o→ue,sí,volveré,volverás,volverá,volveremos,volverán,
volver__condicional,80,volver,volver,condicional,Condicional,regular,er,no,o→ue,sí,volvería,volverías,volvería,volveríamos,volverían,
volver__presente_subjuntivo,80,volver,volver,presente_subjuntivo,Presente de subjuntivo,irregular,er,no,o→ue,sí,vuelva,vuelvas,vuelva,volvamos,vuelvan,
volver__imperfecto_subjuntivo,80,volver,volver,imperfecto_subjuntivo,Imperfecto de subjuntivo,regular,er,no,o→ue,sí,volviera,volvieras,volviera,volviéramos,volvieran,
volver__imperativo_afirmativo,80,volver,volver,imperativo_afirmativo,Imperativo afirmativo,irregular,er,no,o→ue,sí,,vuelve,vuelva,volvamos,vuelvan,
volver__imperativo_negativo,80,volver,volver,imperativo_negativo,Imperativo negativo,irregular,er,no,o→ue,sí,,no vuelvas,no vuelva,no volvamos,no vuelvan,
dormir__presente_indicativo,81,dormir,dormir,presente_indicativo,Presente,irregular,ir,no,o→ue;pretérito_3a_o→u,sí,duermo,duermes,duerme,dormimos,duermen,
dormir__preterito,81,dormir,dormir,preterito,Pretérito,irregular,ir,no,o→ue;pretérito_3a_o→u,sí,dormí,dormiste,durmió,dormimos,durmieron,
dormir__imperfecto,81,dormir,dormir,imperfecto,Imperfecto,regular,ir,no,o→ue;pretérito_3a_o→u,sí,dormía,dormías,dormía,dormíamos,dormían,
dormir__futuro,81,dormir,dormir,futuro,Futuro,regular,ir,no,o→ue;pretérito_3a_o→u,sí,dormiré,dormirás,dormirá,dormiremos,dormirán,
dormir__condicional,81,dormir,dormir,condicional,Condicional,regular,ir,no,o→ue;pretérito_3a_o→u,sí,dormiría,dormirías,dormiría,dormiríamos,dormirían,
dormir__presente_subjuntivo,81,dormir,dormir,presente_subjuntivo,Presente de subjuntivo,irregular,ir,no,o→ue;pretérito_3a_o→u,sí,duerma,duermas,duerma,durmamos,duerman,
dormir__imperfecto_subjuntivo,81,dormir,dormir,imperfecto_subjuntivo,Imperfecto de subjuntivo,irregular,ir,no,o→ue;pretérito_3a_o→u,sí,durmiera,durmieras,durmiera,durmiéramos,durmieran,
dormir__imperativo_afirmativo,81,dormir,dormir,imperativo_afirmativo,Imperativo afirmativo,irregular,ir,no,o→ue;pretérito_3a_o→u,sí,,duerme,duerma,durmamos,duerman,
dormir__imperativo_negativo,81,dormir,dormir,imperativo_negativo,Imperativo negativo,irregular,ir,no,o→ue;pretérito_3a_o→u,sí,,no duermas,no duerma,no durmamos,no duerman,
caminar__presente_indicativo,82,caminar,caminar,presente_indicativo,Presente,regular,ar,no,regular,sí,camino,caminas,camina,caminamos,caminan,
caminar__preterito,82,caminar,caminar,preterito,Pretérito,regular,ar,no,regular,sí,caminé,caminaste,caminó,caminamos,caminaron,
caminar__imperfecto,82,caminar,caminar,imperfecto,Imperfecto,regular,ar,no,regular,sí,caminaba,caminabas,caminaba,caminábamos,caminaban,
caminar__futuro,82,caminar,caminar,futuro,Futuro,regular,ar,no,regular,sí,caminaré,caminarás,caminará,caminaremos,caminarán,
caminar__condicional,82,caminar,caminar,condicional,Condicional,regular,ar,no,regular,sí,caminaría,caminarías,caminaría,caminaríamos,caminarían,
caminar__presente_subjuntivo,82,caminar,caminar,presente_subjuntivo,Presente de subjuntivo,regular,ar,no,regular,sí,camine,camines,camine,caminemos,caminen,
caminar__imperfecto_subjuntivo,82,caminar,caminar,imperfecto_subjuntivo,Imperfecto de subjuntivo,regular,ar,no,regular,sí,caminara,caminaras,caminara,camináramos,caminaran,
caminar__imperativo_afirmativo,82,caminar,caminar,imperativo_afirmativo,Imperativo afirmativo,regular,ar,no,regular,sí,,camina,camine,caminemos,caminen,
caminar__imperativo_negativo,82,caminar,caminar,imperativo_negativo,Imperativo negativo,regular,ar,no,regular,sí,,no camines,no camine,no caminemos,no caminen,
meterse__presente_indicativo,84,meterse,meter,presente_indicativo,Presente,regular,er,sí,pronominal,sí,me meto,te metes,se mete,nos metemos,se meten,
meterse__preterito,84,meterse,meter,preterito,Pretérito,regular,er,sí,pronominal,sí,me metí,te metiste,se metió,nos metimos,se metieron,
meterse__imperfecto,84,meterse,meter,imperfecto,Imperfecto,regular,er,sí,pronominal,sí,me metía,te metías,se metía,nos metíamos,se metían,
meterse__futuro,84,meterse,meter,futuro,Futuro,regular,er,sí,pronominal,sí,me meteré,te meterás,se meterá,nos meteremos,se meterán,
meterse__condicional,84,meterse,meter,condicional,Condicional,regular,er,sí,pronominal,sí,me metería,te meterías,se metería,nos meteríamos,se meterían,
meterse__presente_subjuntivo,84,meterse,meter,presente_subjuntivo,Presente de subjuntivo,regular,er,sí,pronominal,sí,me meta,te metas,se meta,nos metamos,se metan,
meterse__imperfecto_subjuntivo,84,meterse,meter,imperfecto_subjuntivo,Imperfecto de subjuntivo,regular,er,sí,pronominal,sí,me metiera,te metieras,se metiera,nos metiéramos,se metieran,
meterse__imperativo_afirmativo,84,meterse,meter,imperativo_afirmativo,Imperativo afirmativo,regular,er,sí,pronominal,sí,,métete,métase,metámonos,métanse,
meterse__imperativo_negativo,84,meterse,meter,imperativo_negativo,Imperativo negativo,regular,er,sí,pronominal,sí,,no te metas,no se meta,no nos metamos,no se metan,
jugar__presente_indicativo,89,jugar,jugar,presente_indicativo,Presente,irregular,ar,no,u→ue;-gar,sí,juego,juegas,juega,jugamos,juegan,
jugar__preterito,89,jugar,jugar,preterito,Pretérito,ortografico,ar,no,u→ue;-gar,sí,jugué,jugaste,jugó,jugamos,jugaron,
jugar__imperfecto,89,jugar,jugar,imperfecto,Imperfecto,regular,ar,no,u→ue;-gar,sí,jugaba,jugabas,jugaba,jugábamos,jugaban,
jugar__futuro,89,jugar,jugar,futuro,Futuro,regular,ar,no,u→ue;-gar,sí,jugaré,jugarás,jugará,jugaremos,jugarán,
jugar__condicional,89,jugar,jugar,condicional,Condicional,regular,ar,no,u→ue;-gar,sí,jugaría,jugarías,jugaría,jugaríamos,jugarían,
jugar__presente_subjuntivo,89,jugar,jugar,presente_subjuntivo,Presente de subjuntivo,irregular,ar,no,u→ue;-gar,sí,juegue,juegues,juegue,juguemos,jueguen,
jugar__imperfecto_subjuntivo,89,jugar,jugar,imperfecto_subjuntivo,Imperfecto de subjuntivo,regular,ar,no,u→ue;-gar,sí,jugara,jugaras,jugara,jugáramos,jugaran,
jugar__imperativo_afirmativo,89,jugar,jugar,imperativo_afirmativo,Imperativo afirmativo,irregular,ar,no,u→ue;-gar,sí,,juega,juegue,juguemos,jueguen,
jugar__imperativo_negativo,89,jugar,jugar,imperativo_negativo,Imperativo negativo,irregular,ar,no,u→ue;-gar,sí,,no juegues,no juegue,no juguemos,no jueguen,
estudiar__presente_indicativo,90,estudiar,estudiar,presente_indicativo,Presente,regular,ar,no,regular,sí,estudio,estudias,estudia,estudiamos,estudian,
estudiar__preterito,90,estudiar,estudiar,preterito,Pretérito,regular,ar,no,regular,sí,estudié,estudiaste,estudió,estudiamos,estudiaron,
estudiar__imperfecto,90,estudiar,estudiar,imperfecto,Imperfecto,regular,ar,no,regular,sí,estudiaba,estudiabas,estudiaba,estudiábamos,estudiaban,
estudiar__futuro,90,estudiar,estudiar,futuro,Futuro,regular,ar,no,regular,sí,estudiaré,estudiarás,estudiará,estudiaremos,estudiarán,
estudiar__condicional,90,estudiar,estudiar,condicional,Condicional,regular,ar,no,regular,sí,estudiaría,estudiarías,estudiaría,estudiaríamos,estudiarían,
estudiar__presente_subjuntivo,90,estudiar,estudiar,presente_subjuntivo,Presente de subjuntivo,regular,ar,no,regular,sí,estudie,estudies,estudie,estudiemos,estudien,
estudiar__imperfecto_subjuntivo,90,estudiar,estudiar,imperfecto_subjuntivo,Imperfecto de subjuntivo,regular,ar,no,regular,sí,estudiara,estudiaras,estudiara,estudiáramos,estudiaran,
estudiar__imperativo_afirmativo,90,estudiar,estudiar,imperativo_afirmativo,Imperativo afirmativo,regular,ar,no,regular,sí,,estudia,estudie,estudiemos,estudien,
estudiar__imperativo_negativo,90,estudiar,estudiar,imperativo_negativo,Imperativo negativo,regular,ar,no,regular,sí,,no estudies,no estudie,no estudiemos,no estudien,
encontrar__presente_indicativo,93,encontrar,encontrar,presente_indicativo,Presente,irregular,ar,no,o→ue,sí,encuentro,encuentras,encuentra,encontramos,encuentran,
encontrar__preterito,93,encontrar,encontrar,preterito,Pretérito,regular,ar,no,o→ue,sí,encontré,encontraste,encontró,encontramos,encontraron,
encontrar__imperfecto,93,encontrar,encontrar,imperfecto,Imperfecto,regular,ar,no,o→ue,sí,encontraba,encontrabas,encontraba,encontrábamos,encontraban,
encontrar__futuro,93,encontrar,encontrar,futuro,Futuro,regular,ar,no,o→ue,sí,encontraré,encontrarás,encontrará,encontraremos,encontrarán,
encontrar__condicional,93,encontrar,encontrar,condicional,Condicional,regular,ar,no,o→ue,sí,encontraría,encontrarías,encontraría,encontraríamos,encontrarían,
encontrar__presente_subjuntivo,93,encontrar,encontrar,presente_subjuntivo,Presente de subjuntivo,irregular,ar,no,o→ue,sí,encuentre,encuentres,encuentre,encontremos,encuentren,
encontrar__imperfecto_subjuntivo,93,encontrar,encontrar,imperfecto_subjuntivo,Imperfecto de subjuntivo,regular,ar,no,o→ue,sí,encontrara,encontraras,encontrara,encontráramos,encontraran,
encontrar__imperativo_afirmativo,93,encontrar,encontrar,imperativo_afirmativo,Imperativo afirmativo,irregular,ar,no,o→ue,sí,,encuentra,encuentre,encontremos,encuentren,
encontrar__imperativo_negativo,93,encontrar,encontrar,imperativo_negativo,Imperativo negativo,irregular,ar,no,o→ue,sí,,no encuentres,no encuentre,no encontremos,no encuentren,
servir__presente_indicativo,95,servir,servir,presente_indicativo,Presente,irregular,ir,no,e→i;pretérito_3a_e→i,sí,sirvo,sirves,sirve,servimos,sirven,
servir__preterito,95,servir,servir,preterito,Pretérito,irregular,ir,no,e→i;pretérito_3a_e→i,sí,serví,serviste,sirvió,servimos,sirvieron,
servir__imperfecto,95,servir,servir,imperfecto,Imperfecto,regular,ir,no,e→i;pretérito_3a_e→i,sí,servía,servías,servía,servíamos,servían,
servir__futuro,95,servir,servir,futuro,Futuro,regular,ir,no,e→i;pretérito_3a_e→i,sí,serviré,servirás,servirá,serviremos,servirán,
servir__condicional,95,servir,servir,condicional,Condicional,regular,ir,no,e→i;pretérito_3a_e→i,sí,serviría,servirías,serviría,serviríamos,servirían,
servir__presente_subjuntivo,95,servir,servir,presente_subjuntivo,Presente de subjuntivo,irregular,ir,no,e→i;pretérito_3a_e→i,sí,sirva,sirvas,sirva,sirvamos,sirvan,
servir__imperfecto_subjuntivo,95,servir,servir,imperfecto_subjuntivo,Imperfecto de subjuntivo,irregular,ir,no,e→i;pretérito_3a_e→i,sí,sirviera,sirvieras,sirviera,sirviéramos,sirvieran,
servir__imperativo_afirmativo,95,servir,servir,imperativo_afirmativo,Imperativo afirmativo,irregular,ir,no,e→i;pretérito_3a_e→i,sí,,sirve,sirva,sirvamos,sirvan,
servir__imperativo_negativo,95,servir,servir,imperativo_negativo,Imperativo negativo,irregular,ir,no,e→i;pretérito_3a_e→i,sí,,no sirvas,no sirva,no sirvamos,no sirvan,
sacar__presente_indicativo,98,sacar,sacar,presente_indicativo,Presente,regular,ar,no,-car,sí,saco,sacas,saca,sacamos,sacan,
sacar__preterito,98,sacar,sacar,preterito,Pretérito,ortografico,ar,no,-car,sí,saqué,sacaste,sacó,sacamos,sacaron,
sacar__imperfecto,98,sacar,sacar,imperfecto,Imperfecto,regular,ar,no,-car,sí,sacaba,sacabas,sacaba,sacábamos,sacaban,
sacar__futuro,98,sacar,sacar,futuro,Futuro,regular,ar,no,-car,sí,sacaré,sacarás,sacará,sacaremos,sacarán,
sacar__condicional,98,sacar,sacar,condicional,Condicional,regular,ar,no,-car,sí,sacaría,sacarías,sacaría,sacaríamos,sacarían,
sacar__presente_subjuntivo,98,sacar,sacar,presente_subjuntivo,Presente de subjuntivo,ortografico,ar,no,-car,sí,saque,saques,saque,saquemos,saquen,
sacar__imperfecto_subjuntivo,98,sacar,sacar,imperfecto_subjuntivo,Imperfecto de subjuntivo,regular,ar,no,-car,sí,sacara,sacaras,sacara,sacáramos,sacaran,
sacar__imperativo_afirmativo,98,sacar,sacar,imperativo_afirmativo,Imperativo afirmativo,ortografico,ar,no,-car,sí,,saca,saque,saquemos,saquen,
sacar__imperativo_negativo,98,sacar,sacar,imperativo_negativo,Imperativo negativo,ortografico,ar,no,-car,sí,,no saques,no saque,no saquemos,no saquen,
nacer__presente_indicativo,99,nacer,nacer,presente_indicativo,Presente,irregular,er,no,yo-zco,sí,nazco,naces,nace,nacemos,nacen,
nacer__preterito,99,nacer,nacer,preterito,Pretérito,regular,er,no,yo-zco,sí,nací,naciste,nació,nacimos,nacieron,
nacer__imperfecto,99,nacer,nacer,imperfecto,Imperfecto,regular,er,no,yo-zco,sí,nacía,nacías,nacía,nacíamos,nacían,
nacer__futuro,99,nacer,nacer,futuro,Futuro,regular,er,no,yo-zco,sí,naceré,nacerás,nacerá,naceremos,nacerán,
nacer__condicional,99,nacer,nacer,condicional,Condicional,regular,er,no,yo-zco,sí,nacería,nacerías,nacería,naceríamos,nacerían,
nacer__presente_subjuntivo,99,nacer,nacer,presente_subjuntivo,Presente de subjuntivo,irregular,er,no,yo-zco,sí,nazca,nazcas,nazca,nazcamos,nazcan,
nacer__imperfecto_subjuntivo,99,nacer,nacer,imperfecto_subjuntivo,Imperfecto de subjuntivo,regular,er,no,yo-zco,sí,naciera,nacieras,naciera,naciéramos,nacieran,
nacer__imperativo_afirmativo,99,nacer,nacer,imperativo_afirmativo,Imperativo afirmativo,irregular,er,no,yo-zco,sí,,nace,nazca,nazcamos,nazcan,
nacer__imperativo_negativo,99,nacer,nacer,imperativo_negativo,Imperativo negativo,irregular,er,no,yo-zco,sí,,no nazcas,no nazca,no nazcamos,no nazcan,
perder__presente_indicativo,108,perder,perder,presente_indicativo,Presente,irregular,er,no,e→ie,sí,pierdo,pierdes,pierde,perdemos,pierden,
perder__preterito,108,perder,perder,preterito,Pretérito,regular,er,no,e→ie,sí,perdí,perdiste,perdió,perdimos,perdieron,
perder__imperfecto,108,perder,perder,imperfecto,Imperfecto,regular,er,no,e→ie,sí,perdía,perdías,perdía,perdíamos,perdían,
perder__futuro,108,perder,perder,futuro,Futuro,regular,er,no,e→ie,sí,perderé,perderás,perderá,perderemos,perderán,
perder__condicional,108,perder,perder,condicional,Condicional,regular,er,no,e→ie,sí,perdería,perderías,perdería,perderíamos,perderían,
perder__presente_subjuntivo,108,perder,perder,presente_subjuntivo,Presente de subjuntivo,irregular,er,no,e→ie,sí,pierda,pierdas,pierda,perdamos,pierdan,
perder__imperfecto_subjuntivo,108,perder,perder,imperfecto_subjuntivo,Imperfecto de subjuntivo,regular,er,no,e→ie,sí,perdiera,perdieras,perdiera,perdiéramos,perdieran,
perder__imperativo_afirmativo,108,perder,perder,imperativo_afirmativo,Imperativo afirmativo,irregular,er,no,e→ie,sí,,pierde,pierda,perdamos,pierdan,
perder__imperativo_negativo,108,perder,perder,imperativo_negativo,Imperativo negativo,irregular,er,no,e→ie,sí,,no pierdas,no pierda,no perdamos,no pierdan,
acordarse__presente_indicativo,126,acordarse,acordar,presente_indicativo,Presente,irregular,ar,sí,pronominal,sí,me acuerdo,te acuerdas,se acuerda,nos acordamos,se acuerdan,
acordarse__preterito,126,acordarse,acordar,preterito,Pretérito,regular,ar,sí,pronominal,sí,me acordé,te acordaste,se acordó,nos acordamos,se acordaron,
acordarse__imperfecto,126,acordarse,acordar,imperfecto,Imperfecto,regular,ar,sí,pronominal,sí,me acordaba,te acordabas,se acordaba,nos acordábamos,se acordaban,
acordarse__futuro,126,acordarse,acordar,futuro,Futuro,regular,ar,sí,pronominal,sí,me acordaré,te acordarás,se acordará,nos acordaremos,se acordarán,
acordarse__condicional,126,acordarse,acordar,condicional,Condicional,regular,ar,sí,pronominal,sí,me acordaría,te acordarías,se acordaría,nos acordaríamos,se acordarían,
acordarse__presente_subjuntivo,126,acordarse,acordar,presente_subjuntivo,Presente de subjuntivo,irregular,ar,sí,pronominal,sí,me acuerde,te acuerdes,se acuerde,nos acordemos,se acuerden,
acordarse__imperfecto_subjuntivo,126,acordarse,acordar,imperfecto_subjuntivo,Imperfecto de subjuntivo,regular,ar,sí,pronominal,sí,me acordara,te acordaras,se acordara,nos acordáramos,se acordaran,
acordarse__imperativo_afirmativo,126,acordarse,acordar,imperativo_afirmativo,Imperativo afirmativo,irregular,ar,sí,pronominal,sí,,acuérdate,acuérdese,acordémonos,acuérdense,
acordarse__imperativo_negativo,126,acordarse,acordar,imperativo_negativo,Imperativo negativo,irregular,ar,sí,pronominal,sí,,no te acuerdes,no se acuerde,no nos acordemos,no se acuerden,
cerrar__presente_indicativo,128,cerrar,cerrar,presente_indicativo,Presente,irregular,ar,no,e→ie,sí,cierro,cierras,cierra,cerramos,cierran,
cerrar__preterito,128,cerrar,cerrar,preterito,Pretérito,regular,ar,no,e→ie,sí,cerré,cerraste,cerró,cerramos,cerraron,
cerrar__imperfecto,128,cerrar,cerrar,imperfecto,Imperfecto,regular,ar,no,e→ie,sí,cerraba,cerrabas,cerraba,cerrábamos,cerraban,
cerrar__futuro,128,cerrar,cerrar,futuro,Futuro,regular,ar,no,e→ie,sí,cerraré,cerrarás,cerrará,cerraremos,cerrarán,
cerrar__condicional,128,cerrar,cerrar,condicional,Condicional,regular,ar,no,e→ie,sí,cerraría,cerrarías,cerraría,cerraríamos,cerrarían,
cerrar__presente_subjuntivo,128,cerrar,cerrar,presente_subjuntivo,Presente de subjuntivo,irregular,ar,no,e→ie,sí,cierre,cierres,cierre,cerremos,cierren,
cerrar__imperfecto_subjuntivo,128,cerrar,cerrar,imperfecto_subjuntivo,Imperfecto de subjuntivo,regular,ar,no,e→ie,sí,cerrara,cerraras,cerrara,cerráramos,cerraran,
cerrar__imperativo_afirmativo,128,cerrar,cerrar,imperativo_afirmativo,Imperativo afirmativo,irregular,ar,no,e→ie,sí,,cierra,cierre,cerremos,cierren,
cerrar__imperativo_negativo,128,cerrar,cerrar,imperativo_negativo,Imperativo negativo,irregular,ar,no,e→ie,sí,,no cierres,no cierre,no cerremos,no cierren,
crecer__presente_indicativo,130,crecer,crecer,presente_indicativo,Presente,irregular,er,no,yo-zco,sí,crezco,creces,crece,crecemos,crecen,
crecer__preterito,130,crecer,crecer,preterito,Pretérito,regular,er,no,yo-zco,sí,crecí,creciste,creció,crecimos,crecieron,
crecer__imperfecto,130,crecer,crecer,imperfecto,Imperfecto,regular,er,no,yo-zco,sí,crecía,crecías,crecía,crecíamos,crecían,
crecer__futuro,130,crecer,crecer,futuro,Futuro,regular,er,no,yo-zco,sí,creceré,crecerás,crecerá,creceremos,crecerán,
crecer__condicional,130,crecer,crecer,condicional,Condicional,regular,er,no,yo-zco,sí,crecería,crecerías,crecería,creceríamos,crecerían,
crecer__presente_subjuntivo,130,crecer,crecer,presente_subjuntivo,Presente de subjuntivo,irregular,er,no,yo-zco,sí,crezca,crezcas,crezca,crezcamos,crezcan,
crecer__imperfecto_subjuntivo,130,crecer,crecer,imperfecto_subjuntivo,Imperfecto de subjuntivo,regular,er,no,yo-zco,sí,creciera,crecieras,creciera,creciéramos,crecieran,
crecer__imperativo_afirmativo,130,crecer,crecer,imperativo_afirmativo,Imperativo afirmativo,irregular,er,no,yo-zco,sí,,crece,crezca,crezcamos,crezcan,
crecer__imperativo_negativo,130,crecer,crecer,imperativo_negativo,Imperativo negativo,irregular,er,no,yo-zco,sí,,no crezcas,no crezca,no crezcamos,no crezcan,
parecer__presente_indicativo,131,parecer,parecer,presente_indicativo,Presente,irregular,er,no,yo-zco,sí,parezco,pareces,parece,parecemos,parecen,
parecer__preterito,131,parecer,parecer,preterito,Pretérito,regular,er,no,yo-zco,sí,parecí,pareciste,pareció,parecimos,parecieron,
parecer__imperfecto,131,parecer,parecer,imperfecto,Imperfecto,regular,er,no,yo-zco,sí,parecía,parecías,parecía,parecíamos,parecían,
parecer__futuro,131,parecer,parecer,futuro,Futuro,regular,er,no,yo-zco,sí,pareceré,parecerás,parecerá,pareceremos,parecerán,
parecer__condicional,131,parecer,parecer,condicional,Condicional,regular,er,no,yo-zco,sí,parecería,parecerías,parecería,pareceríamos,parecerían,
parecer__presente_subjuntivo,131,parecer,parecer,presente_subjuntivo,Presente de subjuntivo,irregular,er,no,yo-zco,sí,parezca,parezcas,parezca,parezcamos,parezcan,
parecer__imperfecto_subjuntivo,131,parecer,parecer,imperfecto_subjuntivo,Imperfecto de subjuntivo,regular,er,no,yo-zco,sí,pareciera,parecieras,pareciera,pareciéramos,parecieran,
parecer__imperativo_afirmativo,131,parecer,parecer,imperativo_afirmativo,Imperativo afirmativo,irregular,er,no,yo-zco,sí,,parece,parezca,parezcamos,parezcan,
parecer__imperativo_negativo,131,parecer,parecer,imperativo_negativo,Imperativo negativo,irregular,er,no,yo-zco,sí,,no parezcas,no parezca,no parezcamos,no parezcan,
medir__presente_indicativo,220,medir,medir,presente_indicativo,Presente,irregular,ir,no,e→i;pretérito_3a_e→i,sí,mido,mides,mide,medimos,miden,
medir__preterito,220,medir,medir,preterito,Pretérito,irregular,ir,no,e→i;pretérito_3a_e→i,sí,medí,mediste,midió,medimos,midieron,
medir__imperfecto,220,medir,medir,imperfecto,Imperfecto,regular,ir,no,e→i;pretérito_3a_e→i,sí,medía,medías,medía,medíamos,medían,
medir__futuro,220,medir,medir,futuro,Futuro,regular,ir,no,e→i;pretérito_3a_e→i,sí,mediré,medirás,medirá,mediremos,medirán,
medir__condicional,220,medir,medir,condicional,Condicional,regular,ir,no,e→i;pretérito_3a_e→i,sí,mediría,medirías,mediría,mediríamos,medirían,
medir__presente_subjuntivo,220,medir,medir,presente_subjuntivo,Presente de subjuntivo,irregular,ir,no,e→i;pretérito_3a_e→i,sí,mida,midas,mida,midamos,midan,
medir__imperfecto_subjuntivo,220,medir,medir,imperfecto_subjuntivo,Imperfecto de subjuntivo,irregular,ir,no,e→i;pretérito_3a_e→i,sí,midiera,midieras,midiera,midiéramos,midieran,
medir__imperativo_afirmativo,220,medir,medir,imperativo_afirmativo,Imperativo afirmativo,irregular,ir,no,e→i;pretérito_3a_e→i,sí,,mide,mida,midamos,midan,
medir__imperativo_negativo,220,medir,medir,imperativo_negativo,Imperativo negativo,irregular,ir,no,e→i;pretérito_3a_e→i,sí,,no midas,no mida,no midamos,no midan,
conseguir__presente_indicativo,252,conseguir,conseguir,presente_indicativo,Presente,irregular,ir,no,e→i;-guir;pretérito_3a_e→i,sí,consigo,consigues,consigue,conseguimos,consiguen,
conseguir__preterito,252,conseguir,conseguir,preterito,Pretérito,irregular,ir,no,e→i;-guir;pretérito_3a_e→i,sí,conseguí,conseguiste,consiguió,conseguimos,consiguieron,
conseguir__imperfecto,252,conseguir,conseguir,imperfecto,Imperfecto,regular,ir,no,e→i;-guir;pretérito_3a_e→i,sí,conseguía,conseguías,conseguía,conseguíamos,conseguían,
conseguir__futuro,252,conseguir,conseguir,futuro,Futuro,regular,ir,no,e→i;-guir;pretérito_3a_e→i,sí,conseguiré,conseguirás,conseguirá,conseguiremos,conseguirán,
conseguir__condicional,252,conseguir,conseguir,condicional,Condicional,regular,ir,no,e→i;-guir;pretérito_3a_e→i,sí,conseguiría,conseguirías,conseguiría,conseguiríamos,conseguirían,
conseguir__presente_subjuntivo,252,conseguir,conseguir,presente_subjuntivo,Presente de subjuntivo,irregular,ir,no,e→i;-guir;pretérito_3a_e→i,sí,consiga,consigas,consiga,consigamos,consigan,
conseguir__imperfecto_subjuntivo,252,conseguir,conseguir,imperfecto_subjuntivo,Imperfecto de subjuntivo,irregular,ir,no,e→i;-guir;pretérito_3a_e→i,sí,consiguiera,consiguieras,consiguiera,consiguiéramos,consiguieran,
conseguir__imperativo_afirmativo,252,conseguir,conseguir,imperativo_afirmativo,Imperativo afirmativo,irregular,ir,no,e→i;-guir;pretérito_3a_e→i,sí,,consigue,consiga,consigamos,consigan,
conseguir__imperativo_negativo,252,conseguir,conseguir,imperativo_negativo,Imperativo negativo,irregular,ir,no,e→i;-guir;pretérito_3a_e→i,sí,,no consigas,no consiga,no consigamos,no consigan,
levantarse__presente_indicativo,265,levantarse,levantar,presente_indicativo,Presente,regular,ar,sí,pronominal,sí,me levanto,te levantas,se levanta,nos levantamos,se levantan,
levantarse__preterito,265,levantarse,levantar,preterito,Pretérito,regular,ar,sí,pronominal,sí,me levanté,te levantaste,se levantó,nos levantamos,se levantaron,
levantarse__imperfecto,265,levantarse,levantar,imperfecto,Imperfecto,regular,ar,sí,pronominal,sí,me levantaba,te levantabas,se levantaba,nos levantábamos,se levantaban,
levantarse__futuro,265,levantarse,levantar,futuro,Futuro,regular,ar,sí,pronominal,sí,me levantaré,te levantarás,se levantará,nos levantaremos,se levantarán,
levantarse__condicional,265,levantarse,levantar,condicional,Condicional,regular,ar,sí,pronominal,sí,me levantaría,te levantarías,se levantaría,nos levantaríamos,se levantarían,
levantarse__presente_subjuntivo,265,levantarse,levantar,presente_subjuntivo,Presente de subjuntivo,regular,ar,sí,pronominal,sí,me levante,te levantes,se levante,nos levantemos,se levanten,
levantarse__imperfecto_subjuntivo,265,levantarse,levantar,imperfecto_subjuntivo,Imperfecto de subjuntivo,regular,ar,sí,pronominal,sí,me levantara,te levantaras,se levantara,nos levantáramos,se levantaran,
levantarse__imperativo_afirmativo,265,levantarse,levantar,imperativo_afirmativo,Imperativo afirmativo,regular,ar,sí,pronominal,sí,,levántate,levántese,levantémonos,levántense,
levantarse__imperativo_negativo,265,levantarse,levantar,imperativo_negativo,Imperativo negativo,regular,ar,sí,pronominal,sí,,no te levantes,no se levante,no nos levantemos,no se levanten,
sentarse__presente_indicativo,266,sentarse,sentar,presente_indicativo,Presente,irregular,ar,sí,pronominal,sí,me siento,te sientas,se sienta,nos sentamos,se sientan,
sentarse__preterito,266,sentarse,sentar,preterito,Pretérito,regular,ar,sí,pronominal,sí,me senté,te sentaste,se sentó,nos sentamos,se sentaron,
sentarse__imperfecto,266,sentarse,sentar,imperfecto,Imperfecto,regular,ar,sí,pronominal,sí,me sentaba,te sentabas,se sentaba,nos sentábamos,se sentaban,
sentarse__futuro,266,sentarse,sentar,futuro,Futuro,regular,ar,sí,pronominal,sí,me sentaré,te sentarás,se sentará,nos sentaremos,se sentarán,
sentarse__condicional,266,sentarse,sentar,condicional,Condicional,regular,ar,sí,pronominal,sí,me sentaría,te sentarías,se sentaría,nos sentaríamos,se sentarían,
sentarse__presente_subjuntivo,266,sentarse,sentar,presente_subjuntivo,Presente de subjuntivo,irregular,ar,sí,pronominal,sí,me siente,te sientes,se siente,nos sentemos,se sienten,
sentarse__imperfecto_subjuntivo,266,sentarse,sentar,imperfecto_subjuntivo,Imperfecto de subjuntivo,regular,ar,sí,pronominal,sí,me sentara,te sentaras,se sentara,nos sentáramos,se sentaran,
sentarse__imperativo_afirmativo,266,sentarse,sentar,imperativo_afirmativo,Imperativo afirmativo,irregular,ar,sí,pronominal,sí,,siéntate,siéntese,sentémonos,siéntense,
sentarse__imperativo_negativo,266,sentarse,sentar,imperativo_negativo,Imperativo negativo,irregular,ar,sí,pronominal,sí,,no te sientes,no se siente,no nos sentemos,no se sienten,
despertarse__presente_indicativo,293,despertarse,despertar,presente_indicativo,Presente,irregular,ar,sí,pronominal,sí,me despierto,te despiertas,se despierta,nos despertamos,se despiertan,
despertarse__preterito,293,despertarse,despertar,preterito,Pretérito,regular,ar,sí,pronominal,sí,me desperté,te despertaste,se despertó,nos despertamos,se despertaron,
despertarse__imperfecto,293,despertarse,despertar,imperfecto,Imperfecto,regular,ar,sí,pronominal,sí,me despertaba,te despertabas,se despertaba,nos despertábamos,se despertaban,
despertarse__futuro,293,despertarse,despertar,futuro,Futuro,regular,ar,sí,pronominal,sí,me despertaré,te despertarás,se despertará,nos despertaremos,se despertarán,
despertarse__condicional,293,despertarse,despertar,condicional,Condicional,regular,ar,sí,pronominal,sí,me despertaría,te despertarías,se despertaría,nos despertaríamos,se despertarían,
despertarse__presente_subjuntivo,293,despertarse,despertar,presente_subjuntivo,Presente de subjuntivo,irregular,ar,sí,pronominal,sí,me despierte,te despiertes,se despierte,nos despertemos,se despierten,
despertarse__imperfecto_subjuntivo,293,despertarse,despertar,imperfecto_subjuntivo,Imperfecto de subjuntivo,regular,ar,sí,pronominal,sí,me despertara,te despertaras,se despertara,nos despertáramos,se despertaran,
despertarse__imperativo_afirmativo,293,despertarse,despertar,imperativo_afirmativo,Imperativo afirmativo,irregular,ar,sí,pronominal,sí,,despiértate,despiértese,despertémonos,despiértense,
despertarse__imperativo_negativo,293,despertarse,despertar,imperativo_negativo,Imperativo negativo,irregular,ar,sí,pronominal,sí,,no te despiertes,no se despierte,no nos despertemos,no se despierten,
ofrecer__presente_indicativo,242,ofrecer,ofrecer,presente_indicativo,Presente,irregular,er,no,yo-zco,sí,ofrezco,ofreces,ofrece,ofrecemos,ofrecen,
ofrecer__preterito,242,ofrecer,ofrecer,preterito,Pretérito,regular,er,no,yo-zco,sí,ofrecí,ofreciste,ofreció,ofrecimos,ofrecieron,
ofrecer__imperfecto,242,ofrecer,ofrecer,imperfecto,Imperfecto,regular,er,no,yo-zco,sí,ofrecía,ofrecías,ofrecía,ofrecíamos,ofrecían,
ofrecer__futuro,242,ofrecer,ofrecer,futuro,Futuro,regular,er,no,yo-zco,sí,ofreceré,ofrecerás,ofrecerá,ofreceremos,ofrecerán,
ofrecer__condicional,242,ofrecer,ofrecer,condicional,Condicional,regular,er,no,yo-zco,sí,ofrecería,ofrecerías,ofrecería,ofreceríamos,ofrecerían,
ofrecer__presente_subjuntivo,242,ofrecer,ofrecer,presente_subjuntivo,Presente de subjuntivo,irregular,er,no,yo-zco,sí,ofrezca,ofrezcas,ofrezca,ofrezcamos,ofrezcan,
ofrecer__imperfecto_subjuntivo,242,ofrecer,ofrecer,imperfecto_subjuntivo,Imperfecto de subjuntivo,regular,er,no,yo-zco,sí,ofreciera,ofrecieras,ofreciera,ofreciéramos,ofrecieran,
ofrecer__imperativo_afirmativo,242,ofrecer,ofrecer,imperativo_afirmativo,Imperativo afirmativo,irregular,er,no,yo-zco,sí,,ofrece,ofrezca,ofrezcamos,ofrezcan,
ofrecer__imperativo_negativo,242,ofrecer,ofrecer,imperativo_negativo,Imperativo negativo,irregular,er,no,yo-zco,sí,,no ofrezcas,no ofrezca,no ofrezcamos,no ofrezcan,
